row_ordinal,block_count,command_block_count,output_block_count,heredoc_count,file_write_indicator,assessment_status,disposition
1,2,1,1,0,False,ASSESSED_FROM_STABILIZED_FULL_FLYOUT_HTML,PRIVATE_LOCAL_ACTIVITY_EVIDENCE_SEARCHED_PUBLIC_FINDINGS_CROSSWALKED_SEPARATELY
2,1,1,0,2,True,ASSESSED_FROM_STABILIZED_FULL_FLYOUT_HTML,PRIVATE_LOCAL_ACTIVITY_EVIDENCE_SEARCHED_PUBLIC_FINDINGS_CROSSWALKED_SEPARATELY
3,0,0,0,0,False,ASSESSED_FROM_STABILIZED_FULL_FLYOUT_HTML,PRIVATE_LOCAL_ACTIVITY_EVIDENCE_SEARCHED_PUBLIC_FINDINGS_CROSSWALKED_SEPARATELY
4,0,0,0,0,False,ASSESSED_FROM_STABILIZED_FULL_FLYOUT_HTML,PRIVATE_LOCAL_ACTIVITY_EVIDENCE_SEARCHED_PUBLIC_FINDINGS_CROSSWALKED_SEPARATELY
5,2,1,1,1,True,ASSESSED_FROM_STABILIZED_FULL_FLYOUT_HTML,PRIVATE_LOCAL_ACTIVITY_EVIDENCE_SEARCHED_PUBLIC_FINDINGS_CROSSWALKED_SEPARATELY
6,0,0,0,0,False,ASSESSED_FROM_STABILIZED_FULL_FLYOUT_HTML,PRIVATE_LOCAL_ACTIVITY_EVIDENCE_SEARCHED_PUBLIC_FINDINGS_CROSSWALKED_SEPARATELY
7,0,0,0,0,False,ASSESSED_FROM_STABILIZED_FULL_FLYOUT_HTML,PRIVATE_LOCAL_ACTIVITY_EVIDENCE_SEARCHED_PUBLIC_FINDINGS_CROSSWALKED_SEPARATELY
8,0,0,0,0,False,ASSESSED_FROM_STABILIZED_FULL_FLYOUT_HTML,PRIVATE_LOCAL_ACTIVITY_EVIDENCE_SEARCHED_PUBLIC_FINDINGS_CROSSWALKED_SEPARATELY
9,2,1,1,0,False,ASSESSED_FROM_STABILIZED_FULL_FLYOUT_HTML,PRIVATE_LOCAL_ACTIVITY_EVIDENCE_SEARCHED_PUBLIC_FINDINGS_CROSSWALKED_SEPARATELY
10,0,0,0,0,False,ASSESSED_FROM_STABILIZED_FULL_FLYOUT_HTML,PRIVATE_LOCAL_ACTIVITY_EVIDENCE_SEARCHED_PUBLIC_FINDINGS_CROSSWALKED_SEPARATELY
11,0,0,0,0,False,ASSESSED_FROM_STABILIZED_FULL_FLYOUT_HTML,PRIVATE_LOCAL_ACTIVITY_EVIDENCE_SEARCHED_PUBLIC_FINDINGS_CROSSWALKED_SEPARATELY
12,2,1,1,1,True,ASSESSED_FROM_STABILIZED_FULL_FLYOUT_HTML,PRIVATE_LOCAL_ACTIVITY_EVIDENCE_SEARCHED_PUBLIC_FINDINGS_CROSSWALKED_SEPARATELY
13,2,1,1,1,True,ASSESSED_FROM_STABILIZED_FULL_FLYOUT_HTML,PRIVATE_LOCAL_ACTIVITY_EVIDENCE_SEARCHED_PUBLIC_FINDINGS_CROSSWALKED_SEPARATELY
14,0,0,0,0,False,ASSESSED_FROM_STABILIZED_FULL_FLYOUT_HTML,PRIVATE_LOCAL_ACTIVITY_EVIDENCE_SEARCHED_PUBLIC_FINDINGS_CROSSWALKED_SEPARATELY
15,2,1,1,1,True,ASSESSED_FROM_STABILIZED_FULL_FLYOUT_HTML,PRIVATE_LOCAL_ACTIVITY_EVIDENCE_SEARCHED_PUBLIC_FINDINGS_CROSSWALKED_SEPARATELY
16,0,0,0,0,False,ASSESSED_FROM_STABILIZED_FULL_FLYOUT_HTML,PRIVATE_LOCAL_ACTIVITY_EVIDENCE_SEARCHED_PUBLIC_FINDINGS_CROSSWALKED_SEPARATELY
17,1,1,0,0,False,ASSESSED_FROM_STABILIZED_FULL_FLYOUT_HTML,PRIVATE_LOCAL_ACTIVITY_EVIDENCE_SEARCHED_PUBLIC_FINDINGS_CROSSWALKED_SEPARATELY
18,0,0,0,0,False,ASSESSED_FROM_STABILIZED_FULL_FLYOUT_HTML,PRIVATE_LOCAL_ACTIVITY_EVIDENCE_SEARCHED_PUBLIC_FINDINGS_CROSSWALKED_SEPARATELY
19,1,1,0,0,False,ASSESSED_FROM_STABILIZED_FULL_FLYOUT_HTML,PRIVATE_LOCAL_ACTIVITY_EVIDENCE_SEARCHED_PUBLIC_FINDINGS_CROSSWALKED_SEPARATELY
20,0,0,0,0,False,ASSESSED_FROM_STABILIZED_FULL_FLYOUT_HTML,PRIVATE_LOCAL_ACTIVITY_EVIDENCE_SEARCHED_PUBLIC_FINDINGS_CROSSWALKED_SEPARATELY
21,2,1,1,1,True,ASSESSED_FROM_STABILIZED_FULL_FLYOUT_HTML,PRIVATE_LOCAL_ACTIVITY_EVIDENCE_SEARCHED_PUBLIC_FINDINGS_CROSSWALKED_SEPARATELY
22,2,1,1,0,True,ASSESSED_FROM_STABILIZED_FULL_FLYOUT_HTML,PRIVATE_LOCAL_ACTIVITY_EVIDENCE_SEARCHED_PUBLIC_FINDINGS_CROSSWALKED_SEPARATELY
23,0,0,0,0,False,ASSESSED_FROM_STABILIZED_FULL_FLYOUT_HTML,PRIVATE_LOCAL_ACTIVITY_EVIDENCE_SEARCHED_PUBLIC_FINDINGS_CROSSWALKED_SEPARATELY
24,4,1,3,0,True,ASSESSED_FROM_STABILIZED_FULL_FLYOUT_HTML,PRIVATE_LOCAL_ACTIVITY_EVIDENCE_SEARCHED_PUBLIC_FINDINGS_CROSSWALKED_SEPARATELY
25,0,0,0,0,False,ASSESSED_FROM_STABILIZED_FULL_FLYOUT_HTML,PRIVATE_LOCAL_ACTIVITY_EVIDENCE_SEARCHED_PUBLIC_FINDINGS_CROSSWALKED_SEPARATELY
26,2,1,1,1,True,ASSESSED_FROM_STABILIZED_FULL_FLYOUT_HTML,PRIVATE_LOCAL_ACTIVITY_EVIDENCE_SEARCHED_PUBLIC_FINDINGS_CROSSWALKED_SEPARATELY
27,0,0,0,0,False,ASSESSED_FROM_STABILIZED_FULL_FLYOUT_HTML,PRIVATE_LOCAL_ACTIVITY_EVIDENCE_SEARCHED_PUBLIC_FINDINGS_CROSSWALKED_SEPARATELY
28,2,1,1,0,False,ASSESSED_FROM_STABILIZED_FULL_FLYOUT_HTML,PRIVATE_LOCAL_ACTIVITY_EVIDENCE_SEARCHED_PUBLIC_FINDINGS_CROSSWALKED_SEPARATELY
29,2,1,1,0,True,ASSESSED_FROM_STABILIZED_FULL_FLYOUT_HTML,PRIVATE_LOCAL_ACTIVITY_EVIDENCE_SEARCHED_PUBLIC_FINDINGS_CROSSWALKED_SEPARATELY
30,0,0,0,0,False,ASSESSED_FROM_STABILIZED_FULL_FLYOUT_HTML,PRIVATE_LOCAL_ACTIVITY_EVIDENCE_SEARCHED_PUBLIC_FINDINGS_CROSSWALKED_SEPARATELY
31,2,1,1,1,True,ASSESSED_FROM_STABILIZED_FULL_FLYOUT_HTML,PRIVATE_LOCAL_ACTIVITY_EVIDENCE_SEARCHED_PUBLIC_FINDINGS_CROSSWALKED_SEPARATELY
32,0,0,0,0,False,ASSESSED_FROM_STABILIZED_FULL_FLYOUT_HTML,PRIVATE_LOCAL_ACTIVITY_EVIDENCE_SEARCHED_PUBLIC_FINDINGS_CROSSWALKED_SEPARATELY
33,0,0,0,0,False,ASSESSED_FROM_STABILIZED_FULL_FLYOUT_HTML,PRIVATE_LOCAL_ACTIVITY_EVIDENCE_SEARCHED_PUBLIC_FINDINGS_CROSSWALKED_SEPARATELY
34,2,1,1,0,False,ASSESSED_FROM_STABILIZED_FULL_FLYOUT_HTML,PRIVATE_LOCAL_ACTIVITY_EVIDENCE_SEARCHED_PUBLIC_FINDINGS_CROSSWALKED_SEPARATELY
35,2,1,1,0,False,ASSESSED_FROM_STABILIZED_FULL_FLYOUT_HTML,PRIVATE_LOCAL_ACTIVITY_EVIDENCE_SEARCHED_PUBLIC_FINDINGS_CROSSWALKED_SEPARATELY
36,0,0,0,0,False,ASSESSED_FROM_STABILIZED_FULL_FLYOUT_HTML,PRIVATE_LOCAL_ACTIVITY_EVIDENCE_SEARCHED_PUBLIC_FINDINGS_CROSSWALKED_SEPARATELY
37,2,1,1,0,False,ASSESSED_FROM_STABILIZED_FULL_FLYOUT_HTML,PRIVATE_LOCAL_ACTIVITY_EVIDENCE_SEARCHED_PUBLIC_FINDINGS_CROSSWALKED_SEPARATELY
38,0,0,0,0,False,ASSESSED_FROM_STABILIZED_FULL_FLYOUT_HTML,PRIVATE_LOCAL_ACTIVITY_EVIDENCE_SEARCHED_PUBLIC_FINDINGS_CROSSWALKED_SEPARATELY
39,2,1,1,0,False,ASSESSED_FROM_STABILIZED_FULL_FLYOUT_HTML,PRIVATE_LOCAL_ACTIVITY_EVIDENCE_SEARCHED_PUBLIC_FINDINGS_CROSSWALKED_SEPARATELY
40,0,0,0,0,False,ASSESSED_FROM_STABILIZED_FULL_FLYOUT_HTML,PRIVATE_LOCAL_ACTIVITY_EVIDENCE_SEARCHED_PUBLIC_FINDINGS_CROSSWALKED_SEPARATELY
41,0,0,0,0,False,ASSESSED_FROM_STABILIZED_FULL_FLYOUT_HTML,PRIVATE_LOCAL_ACTIVITY_EVIDENCE_SEARCHED_PUBLIC_FINDINGS_CROSSWALKED_SEPARATELY
42,0,0,0,0,False,ASSESSED_FROM_STABILIZED_FULL_FLYOUT_HTML,PRIVATE_LOCAL_ACTIVITY_EVIDENCE_SEARCHED_PUBLIC_FINDINGS_CROSSWALKED_SEPARATELY
43,2,1,1,0,False,ASSESSED_FROM_STABILIZED_FULL_FLYOUT_HTML,PRIVATE_LOCAL_ACTIVITY_EVIDENCE_SEARCHED_PUBLIC_FINDINGS_CROSSWALKED_SEPARATELY
44,0,0,0,0,False,ASSESSED_FROM_STABILIZED_FULL_FLYOUT_HTML,PRIVATE_LOCAL_ACTIVITY_EVIDENCE_SEARCHED_PUBLIC_FINDINGS_CROSSWALKED_SEPARATELY
45,2,1,1,0,False,ASSESSED_FROM_STABILIZED_FULL_FLYOUT_HTML,PRIVATE_LOCAL_ACTIVITY_EVIDENCE_SEARCHED_PUBLIC_FINDINGS_CROSSWALKED_SEPARATELY
46,0,0,0,0,False,ASSESSED_FROM_STABILIZED_FULL_FLYOUT_HTML,PRIVATE_LOCAL_ACTIVITY_EVIDENCE_SEARCHED_PUBLIC_FINDINGS_CROSSWALKED_SEPARATELY
47,2,1,1,0,False,ASSESSED_FROM_STABILIZED_FULL_FLYOUT_HTML,PRIVATE_LOCAL_ACTIVITY_EVIDENCE_SEARCHED_PUBLIC_FINDINGS_CROSSWALKED_SEPARATELY
48,0,0,0,0,False,ASSESSED_FROM_STABILIZED_FULL_FLYOUT_HTML,PRIVATE_LOCAL_ACTIVITY_EVIDENCE_SEARCHED_PUBLIC_FINDINGS_CROSSWALKED_SEPARATELY
49,2,1,1,0,False,ASSESSED_FROM_STABILIZED_FULL_FLYOUT_HTML,PRIVATE_LOCAL_ACTIVITY_EVIDENCE_SEARCHED_PUBLIC_FINDINGS_CROSSWALKED_SEPARATELY
50,2,1,1,0,False,ASSESSED_FROM_STABILIZED_FULL_FLYOUT_HTML,PRIVATE_LOCAL_ACTIVITY_EVIDENCE_SEARCHED_PUBLIC_FINDINGS_CROSSWALKED_SEPARATELY
51,2,1,1,0,False,ASSESSED_FROM_STABILIZED_FULL_FLYOUT_HTML,PRIVATE_LOCAL_ACTIVITY_EVIDENCE_SEARCHED_PUBLIC_FINDINGS_CROSSWALKED_SEPARATELY
52,0,0,0,0,False,ASSESSED_FROM_STABILIZED_FULL_FLYOUT_HTML,PRIVATE_LOCAL_ACTIVITY_EVIDENCE_SEARCHED_PUBLIC_FINDINGS_CROSSWALKED_SEPARATELY
53,1,1,0,0,False,ASSESSED_FROM_STABILIZED_FULL_FLYOUT_HTML,PRIVATE_LOCAL_ACTIVITY_EVIDENCE_SEARCHED_PUBLIC_FINDINGS_CROSSWALKED_SEPARATELY
54,0,0,0,0,False,ASSESSED_FROM_STABILIZED_FULL_FLYOUT_HTML,PRIVATE_LOCAL_ACTIVITY_EVIDENCE_SEARCHED_PUBLIC_FINDINGS_CROSSWALKED_SEPARATELY
55,2,1,1,0,True,ASSESSED_FROM_STABILIZED_FULL_FLYOUT_HTML,PRIVATE_LOCAL_ACTIVITY_EVIDENCE_SEARCHED_PUBLIC_FINDINGS_CROSSWALKED_SEPARATELY
56,1,1,0,0,False,ASSESSED_FROM_STABILIZED_FULL_FLYOUT_HTML,PRIVATE_LOCAL_ACTIVITY_EVIDENCE_SEARCHED_PUBLIC_FINDINGS_CROSSWALKED_SEPARATELY
57,0,0,0,0,False,ASSESSED_FROM_STABILIZED_FULL_FLYOUT_HTML,PRIVATE_LOCAL_ACTIVITY_EVIDENCE_SEARCHED_PUBLIC_FINDINGS_CROSSWALKED_SEPARATELY
58,0,0,0,0,False,ASSESSED_FROM_STABILIZED_FULL_FLYOUT_HTML,PRIVATE_LOCAL_ACTIVITY_EVIDENCE_SEARCHED_PUBLIC_FINDINGS_CROSSWALKED_SEPARATELY
59,2,1,1,1,True,ASSESSED_FROM_STABILIZED_FULL_FLYOUT_HTML,PRIVATE_LOCAL_ACTIVITY_EVIDENCE_SEARCHED_PUBLIC_FINDINGS_CROSSWALKED_SEPARATELY
60,0,0,0,0,False,ASSESSED_FROM_STABILIZED_FULL_FLYOUT_HTML,PRIVATE_LOCAL_ACTIVITY_EVIDENCE_SEARCHED_PUBLIC_FINDINGS_CROSSWALKED_SEPARATELY
61,2,1,1,1,True,ASSESSED_FROM_STABILIZED_FULL_FLYOUT_HTML,PRIVATE_LOCAL_ACTIVITY_EVIDENCE_SEARCHED_PUBLIC_FINDINGS_CROSSWALKED_SEPARATELY
62,0,0,0,0,False,ASSESSED_FROM_STABILIZED_FULL_FLYOUT_HTML,PRIVATE_LOCAL_ACTIVITY_EVIDENCE_SEARCHED_PUBLIC_FINDINGS_CROSSWALKED_SEPARATELY
63,2,1,1,2,True,ASSESSED_FROM_STABILIZED_FULL_FLYOUT_HTML,PRIVATE_LOCAL_ACTIVITY_EVIDENCE_SEARCHED_PUBLIC_FINDINGS_CROSSWALKED_SEPARATELY
64,0,0,0,0,False,ASSESSED_FROM_STABILIZED_FULL_FLYOUT_HTML,PRIVATE_LOCAL_ACTIVITY_EVIDENCE_SEARCHED_PUBLIC_FINDINGS_CROSSWALKED_SEPARATELY
65,2,1,1,0,False,ASSESSED_FROM_STABILIZED_FULL_FLYOUT_HTML,PRIVATE_LOCAL_ACTIVITY_EVIDENCE_SEARCHED_PUBLIC_FINDINGS_CROSSWALKED_SEPARATELY
66,0,0,0,0,False,ASSESSED_FROM_STABILIZED_FULL_FLYOUT_HTML,PRIVATE_LOCAL_ACTIVITY_EVIDENCE_SEARCHED_PUBLIC_FINDINGS_CROSSWALKED_SEPARATELY
67,2,1,1,0,False,ASSESSED_FROM_STABILIZED_FULL_FLYOUT_HTML,PRIVATE_LOCAL_ACTIVITY_EVIDENCE_SEARCHED_PUBLIC_FINDINGS_CROSSWALKED_SEPARATELY
68,0,0,0,0,False,ASSESSED_FROM_STABILIZED_FULL_FLYOUT_HTML,PRIVATE_LOCAL_ACTIVITY_EVIDENCE_SEARCHED_PUBLIC_FINDINGS_CROSSWALKED_SEPARATELY
69,6,1,5,1,True,ASSESSED_FROM_STABILIZED_FULL_FLYOUT_HTML,PRIVATE_LOCAL_ACTIVITY_EVIDENCE_SEARCHED_PUBLIC_FINDINGS_CROSSWALKED_SEPARATELY
70,1,1,0,0,False,ASSESSED_FROM_STABILIZED_FULL_FLYOUT_HTML,PRIVATE_LOCAL_ACTIVITY_EVIDENCE_SEARCHED_PUBLIC_FINDINGS_CROSSWALKED_SEPARATELY
71,2,1,1,0,False,ASSESSED_FROM_STABILIZED_FULL_FLYOUT_HTML,PRIVATE_LOCAL_ACTIVITY_EVIDENCE_SEARCHED_PUBLIC_FINDINGS_CROSSWALKED_SEPARATELY
72,2,1,1,0,False,ASSESSED_FROM_STABILIZED_FULL_FLYOUT_HTML,PRIVATE_LOCAL_ACTIVITY_EVIDENCE_SEARCHED_PUBLIC_FINDINGS_CROSSWALKED_SEPARATELY
73,0,0,0,0,False,ASSESSED_FROM_STABILIZED_FULL_FLYOUT_HTML,PRIVATE_LOCAL_ACTIVITY_EVIDENCE_SEARCHED_PUBLIC_FINDINGS_CROSSWALKED_SEPARATELY
74,2,1,1,3,True,ASSESSED_FROM_STABILIZED_FULL_FLYOUT_HTML,PRIVATE_LOCAL_ACTIVITY_EVIDENCE_SEARCHED_PUBLIC_FINDINGS_CROSSWALKED_SEPARATELY
75,0,0,0,0,False,ASSESSED_FROM_STABILIZED_FULL_FLYOUT_HTML,PRIVATE_LOCAL_ACTIVITY_EVIDENCE_SEARCHED_PUBLIC_FINDINGS_CROSSWALKED_SEPARATELY
76,0,0,0,0,False,ASSESSED_FROM_STABILIZED_FULL_FLYOUT_HTML,PRIVATE_LOCAL_ACTIVITY_EVIDENCE_SEARCHED_PUBLIC_FINDINGS_CROSSWALKED_SEPARATELY
77,2,1,1,4,True,ASSESSED_FROM_STABILIZED_FULL_FLYOUT_HTML,PRIVATE_LOCAL_ACTIVITY_EVIDENCE_SEARCHED_PUBLIC_FINDINGS_CROSSWALKED_SEPARATELY
78,0,0,0,0,False,ASSESSED_FROM_STABILIZED_FULL_FLYOUT_HTML,PRIVATE_LOCAL_ACTIVITY_EVIDENCE_SEARCHED_PUBLIC_FINDINGS_CROSSWALKED_SEPARATELY
79,1,1,0,0,False,ASSESSED_FROM_STABILIZED_FULL_FLYOUT_HTML,PRIVATE_LOCAL_ACTIVITY_EVIDENCE_SEARCHED_PUBLIC_FINDINGS_CROSSWALKED_SEPARATELY
80,2,1,1,0,False,ASSESSED_FROM_STABILIZED_FULL_FLYOUT_HTML,PRIVATE_LOCAL_ACTIVITY_EVIDENCE_SEARCHED_PUBLIC_FINDINGS_CROSSWALKED_SEPARATELY
81,2,1,1,0,False,ASSESSED_FROM_STABILIZED_FULL_FLYOUT_HTML,PRIVATE_LOCAL_ACTIVITY_EVIDENCE_SEARCHED_PUBLIC_FINDINGS_CROSSWALKED_SEPARATELY
82,0,0,0,0,False,ASSESSED_FROM_STABILIZED_FULL_FLYOUT_HTML,PRIVATE_LOCAL_ACTIVITY_EVIDENCE_SEARCHED_PUBLIC_FINDINGS_CROSSWALKED_SEPARATELY
83,2,1,1,0,False,ASSESSED_FROM_STABILIZED_FULL_FLYOUT_HTML,PRIVATE_LOCAL_ACTIVITY_EVIDENCE_SEARCHED_PUBLIC_FINDINGS_CROSSWALKED_SEPARATELY
84,1,1,0,0,False,ASSESSED_FROM_STABILIZED_FULL_FLYOUT_HTML,PRIVATE_LOCAL_ACTIVITY_EVIDENCE_SEARCHED_PUBLIC_FINDINGS_CROSSWALKED_SEPARATELY
85,2,1,1,0,False,ASSESSED_FROM_STABILIZED_FULL_FLYOUT_HTML,PRIVATE_LOCAL_ACTIVITY_EVIDENCE_SEARCHED_PUBLIC_FINDINGS_CROSSWALKED_SEPARATELY
86,2,1,1,0,False,ASSESSED_FROM_STABILIZED_FULL_FLYOUT_HTML,PRIVATE_LOCAL_ACTIVITY_EVIDENCE_SEARCHED_PUBLIC_FINDINGS_CROSSWALKED_SEPARATELY
87,2,1,1,1,True,ASSESSED_FROM_STABILIZED_FULL_FLYOUT_HTML,PRIVATE_LOCAL_ACTIVITY_EVIDENCE_SEARCHED_PUBLIC_FINDINGS_CROSSWALKED_SEPARATELY
88,1,1,0,0,False,ASSESSED_FROM_STABILIZED_FULL_FLYOUT_HTML,PRIVATE_LOCAL_ACTIVITY_EVIDENCE_SEARCHED_PUBLIC_FINDINGS_CROSSWALKED_SEPARATELY
89,0,0,0,0,False,ASSESSED_FROM_STABILIZED_FULL_FLYOUT_HTML,PRIVATE_LOCAL_ACTIVITY_EVIDENCE_SEARCHED_PUBLIC_FINDINGS_CROSSWALKED_SEPARATELY
90,1,1,0,0,False,ASSESSED_FROM_STABILIZED_FULL_FLYOUT_HTML,PRIVATE_LOCAL_ACTIVITY_EVIDENCE_SEARCHED_PUBLIC_FINDINGS_CROSSWALKED_SEPARATELY
91,0,0,0,0,False,ASSESSED_FROM_STABILIZED_FULL_FLYOUT_HTML,PRIVATE_LOCAL_ACTIVITY_EVIDENCE_SEARCHED_PUBLIC_FINDINGS_CROSSWALKED_SEPARATELY
92,2,1,1,0,False,ASSESSED_FROM_STABILIZED_FULL_FLYOUT_HTML,PRIVATE_LOCAL_ACTIVITY_EVIDENCE_SEARCHED_PUBLIC_FINDINGS_CROSSWALKED_SEPARATELY
93,0,0,0,0,False,ASSESSED_FROM_STABILIZED_FULL_FLYOUT_HTML,PRIVATE_LOCAL_ACTIVITY_EVIDENCE_SEARCHED_PUBLIC_FINDINGS_CROSSWALKED_SEPARATELY
94,0,0,0,0,False,ASSESSED_FROM_STABILIZED_FULL_FLYOUT_HTML,PRIVATE_LOCAL_ACTIVITY_EVIDENCE_SEARCHED_PUBLIC_FINDINGS_CROSSWALKED_SEPARATELY
95,0,0,0,0,False,ASSESSED_FROM_STABILIZED_FULL_FLYOUT_HTML,PRIVATE_LOCAL_ACTIVITY_EVIDENCE_SEARCHED_PUBLIC_FINDINGS_CROSSWALKED_SEPARATELY
96,0,0,0,0,False,ASSESSED_FROM_STABILIZED_FULL_FLYOUT_HTML,PRIVATE_LOCAL_ACTIVITY_EVIDENCE_SEARCHED_PUBLIC_FINDINGS_CROSSWALKED_SEPARATELY
97,2,1,1,0,False,ASSESSED_FROM_STABILIZED_FULL_FLYOUT_HTML,PRIVATE_LOCAL_ACTIVITY_EVIDENCE_SEARCHED_PUBLIC_FINDINGS_CROSSWALKED_SEPARATELY
98,0,0,0,0,False,ASSESSED_FROM_STABILIZED_FULL_FLYOUT_HTML,PRIVATE_LOCAL_ACTIVITY_EVIDENCE_SEARCHED_PUBLIC_FINDINGS_CROSSWALKED_SEPARATELY
99,2,1,1,0,False,ASSESSED_FROM_STABILIZED_FULL_FLYOUT_HTML,PRIVATE_LOCAL_ACTIVITY_EVIDENCE_SEARCHED_PUBLIC_FINDINGS_CROSSWALKED_SEPARATELY
100,2,1,1,0,False,ASSESSED_FROM_STABILIZED_FULL_FLYOUT_HTML,PRIVATE_LOCAL_ACTIVITY_EVIDENCE_SEARCHED_PUBLIC_FINDINGS_CROSSWALKED_SEPARATELY
101,0,0,0,0,False,ASSESSED_FROM_STABILIZED_FULL_FLYOUT_HTML,PRIVATE_LOCAL_ACTIVITY_EVIDENCE_SEARCHED_PUBLIC_FINDINGS_CROSSWALKED_SEPARATELY
102,1,1,0,0,False,ASSESSED_FROM_STABILIZED_FULL_FLYOUT_HTML,PRIVATE_LOCAL_ACTIVITY_EVIDENCE_SEARCHED_PUBLIC_FINDINGS_CROSSWALKED_SEPARATELY
103,2,1,1,1,True,ASSESSED_FROM_STABILIZED_FULL_FLYOUT_HTML,PRIVATE_LOCAL_ACTIVITY_EVIDENCE_SEARCHED_PUBLIC_FINDINGS_CROSSWALKED_SEPARATELY
104,2,1,1,1,True,ASSESSED_FROM_STABILIZED_FULL_FLYOUT_HTML,PRIVATE_LOCAL_ACTIVITY_EVIDENCE_SEARCHED_PUBLIC_FINDINGS_CROSSWALKED_SEPARATELY
105,2,1,1,0,False,ASSESSED_FROM_STABILIZED_FULL_FLYOUT_HTML,PRIVATE_LOCAL_ACTIVITY_EVIDENCE_SEARCHED_PUBLIC_FINDINGS_CROSSWALKED_SEPARATELY
106,0,0,0,0,False,ASSESSED_FROM_STABILIZED_FULL_FLYOUT_HTML,PRIVATE_LOCAL_ACTIVITY_EVIDENCE_SEARCHED_PUBLIC_FINDINGS_CROSSWALKED_SEPARATELY
107,2,1,1,0,False,ASSESSED_FROM_STABILIZED_FULL_FLYOUT_HTML,PRIVATE_LOCAL_ACTIVITY_EVIDENCE_SEARCHED_PUBLIC_FINDINGS_CROSSWALKED_SEPARATELY
108,2,1,1,0,False,ASSESSED_FROM_STABILIZED_FULL_FLYOUT_HTML,PRIVATE_LOCAL_ACTIVITY_EVIDENCE_SEARCHED_PUBLIC_FINDINGS_CROSSWALKED_SEPARATELY
109,0,0,0,0,False,ASSESSED_FROM_STABILIZED_FULL_FLYOUT_HTML,PRIVATE_LOCAL_ACTIVITY_EVIDENCE_SEARCHED_PUBLIC_FINDINGS_CROSSWALKED_SEPARATELY
110,2,1,1,0,False,ASSESSED_FROM_STABILIZED_FULL_FLYOUT_HTML,PRIVATE_LOCAL_ACTIVITY_EVIDENCE_SEARCHED_PUBLIC_FINDINGS_CROSSWALKED_SEPARATELY
111,24,1,23,0,True,ASSESSED_FROM_STABILIZED_FULL_FLYOUT_HTML,PRIVATE_LOCAL_ACTIVITY_EVIDENCE_SEARCHED_PUBLIC_FINDINGS_CROSSWALKED_SEPARATELY
112,2,1,1,0,False,ASSESSED_FROM_STABILIZED_FULL_FLYOUT_HTML,PRIVATE_LOCAL_ACTIVITY_EVIDENCE_SEARCHED_PUBLIC_FINDINGS_CROSSWALKED_SEPARATELY
113,2,1,1,0,False,ASSESSED_FROM_STABILIZED_FULL_FLYOUT_HTML,PRIVATE_LOCAL_ACTIVITY_EVIDENCE_SEARCHED_PUBLIC_FINDINGS_CROSSWALKED_SEPARATELY
114,2,1,1,0,True,ASSESSED_FROM_STABILIZED_FULL_FLYOUT_HTML,PRIVATE_LOCAL_ACTIVITY_EVIDENCE_SEARCHED_PUBLIC_FINDINGS_CROSSWALKED_SEPARATELY
115,0,0,0,0,False,ASSESSED_FROM_STABILIZED_FULL_FLYOUT_HTML,PRIVATE_LOCAL_ACTIVITY_EVIDENCE_SEARCHED_PUBLIC_FINDINGS_CROSSWALKED_SEPARATELY
116,1,1,0,0,False,ASSESSED_FROM_STABILIZED_FULL_FLYOUT_HTML,PRIVATE_LOCAL_ACTIVITY_EVIDENCE_SEARCHED_PUBLIC_FINDINGS_CROSSWALKED_SEPARATELY
117,0,0,0,0,False,ASSESSED_FROM_STABILIZED_FULL_FLYOUT_HTML,PRIVATE_LOCAL_ACTIVITY_EVIDENCE_SEARCHED_PUBLIC_FINDINGS_CROSSWALKED_SEPARATELY
118,2,1,1,0,False,ASSESSED_FROM_STABILIZED_FULL_FLYOUT_HTML,PRIVATE_LOCAL_ACTIVITY_EVIDENCE_SEARCHED_PUBLIC_FINDINGS_CROSSWALKED_SEPARATELY
119,4,1,3,0,True,ASSESSED_FROM_STABILIZED_FULL_FLYOUT_HTML,PRIVATE_LOCAL_ACTIVITY_EVIDENCE_SEARCHED_PUBLIC_FINDINGS_CROSSWALKED_SEPARATELY
120,0,0,0,0,False,ASSESSED_FROM_STABILIZED_FULL_FLYOUT_HTML,PRIVATE_LOCAL_ACTIVITY_EVIDENCE_SEARCHED_PUBLIC_FINDINGS_CROSSWALKED_SEPARATELY
121,2,1,1,0,False,ASSESSED_FROM_STABILIZED_FULL_FLYOUT_HTML,PRIVATE_LOCAL_ACTIVITY_EVIDENCE_SEARCHED_PUBLIC_FINDINGS_CROSSWALKED_SEPARATELY
122,0,0,0,0,False,ASSESSED_FROM_STABILIZED_FULL_FLYOUT_HTML,PRIVATE_LOCAL_ACTIVITY_EVIDENCE_SEARCHED_PUBLIC_FINDINGS_CROSSWALKED_SEPARATELY
123,17,1,16,0,True,ASSESSED_FROM_STABILIZED_FULL_FLYOUT_HTML,PRIVATE_LOCAL_ACTIVITY_EVIDENCE_SEARCHED_PUBLIC_FINDINGS_CROSSWALKED_SEPARATELY
124,0,0,0,0,False,ASSESSED_FROM_STABILIZED_FULL_FLYOUT_HTML,PRIVATE_LOCAL_ACTIVITY_EVIDENCE_SEARCHED_PUBLIC_FINDINGS_CROSSWALKED_SEPARATELY
125,2,1,1,0,False,ASSESSED_FROM_STABILIZED_FULL_FLYOUT_HTML,PRIVATE_LOCAL_ACTIVITY_EVIDENCE_SEARCHED_PUBLIC_FINDINGS_CROSSWALKED_SEPARATELY
126,0,0,0,0,False,ASSESSED_FROM_STABILIZED_FULL_FLYOUT_HTML,PRIVATE_LOCAL_ACTIVITY_EVIDENCE_SEARCHED_PUBLIC_FINDINGS_CROSSWALKED_SEPARATELY
127,2,1,1,0,False,ASSESSED_FROM_STABILIZED_FULL_FLYOUT_HTML,PRIVATE_LOCAL_ACTIVITY_EVIDENCE_SEARCHED_PUBLIC_FINDINGS_CROSSWALKED_SEPARATELY
128,0,0,0,0,False,ASSESSED_FROM_STABILIZED_FULL_FLYOUT_HTML,PRIVATE_LOCAL_ACTIVITY_EVIDENCE_SEARCHED_PUBLIC_FINDINGS_CROSSWALKED_SEPARATELY
129,58,1,57,0,True,ASSESSED_FROM_STABILIZED_FULL_FLYOUT_HTML,PRIVATE_LOCAL_ACTIVITY_EVIDENCE_SEARCHED_PUBLIC_FINDINGS_CROSSWALKED_SEPARATELY
130,0,0,0,0,False,ASSESSED_FROM_STABILIZED_FULL_FLYOUT_HTML,PRIVATE_LOCAL_ACTIVITY_EVIDENCE_SEARCHED_PUBLIC_FINDINGS_CROSSWALKED_SEPARATELY
131,0,0,0,0,False,ASSESSED_FROM_STABILIZED_FULL_FLYOUT_HTML,PRIVATE_LOCAL_ACTIVITY_EVIDENCE_SEARCHED_PUBLIC_FINDINGS_CROSSWALKED_SEPARATELY
132,0,0,0,0,False,ASSESSED_FROM_STABILIZED_FULL_FLYOUT_HTML,PRIVATE_LOCAL_ACTIVITY_EVIDENCE_SEARCHED_PUBLIC_FINDINGS_CROSSWALKED_SEPARATELY
133,0,0,0,0,False,ASSESSED_FROM_STABILIZED_FULL_FLYOUT_HTML,PRIVATE_LOCAL_ACTIVITY_EVIDENCE_SEARCHED_PUBLIC_FINDINGS_CROSSWALKED_SEPARATELY
134,2,1,1,0,False,ASSESSED_FROM_STABILIZED_FULL_FLYOUT_HTML,PRIVATE_LOCAL_ACTIVITY_EVIDENCE_SEARCHED_PUBLIC_FINDINGS_CROSSWALKED_SEPARATELY
135,0,0,0,0,False,ASSESSED_FROM_STABILIZED_FULL_FLYOUT_HTML,PRIVATE_LOCAL_ACTIVITY_EVIDENCE_SEARCHED_PUBLIC_FINDINGS_CROSSWALKED_SEPARATELY
136,0,0,0,0,False,ASSESSED_FROM_STABILIZED_FULL_FLYOUT_HTML,PRIVATE_LOCAL_ACTIVITY_EVIDENCE_SEARCHED_PUBLIC_FINDINGS_CROSSWALKED_SEPARATELY
137,52,1,51,0,True,ASSESSED_FROM_STABILIZED_FULL_FLYOUT_HTML,PRIVATE_LOCAL_ACTIVITY_EVIDENCE_SEARCHED_PUBLIC_FINDINGS_CROSSWALKED_SEPARATELY
138,0,0,0,0,False,ASSESSED_FROM_STABILIZED_FULL_FLYOUT_HTML,PRIVATE_LOCAL_ACTIVITY_EVIDENCE_SEARCHED_PUBLIC_FINDINGS_CROSSWALKED_SEPARATELY
139,0,0,0,0,False,ASSESSED_FROM_STABILIZED_FULL_FLYOUT_HTML,PRIVATE_LOCAL_ACTIVITY_EVIDENCE_SEARCHED_PUBLIC_FINDINGS_CROSSWALKED_SEPARATELY
140,2,1,1,0,False,ASSESSED_FROM_STABILIZED_FULL_FLYOUT_HTML,PRIVATE_LOCAL_ACTIVITY_EVIDENCE_SEARCHED_PUBLIC_FINDINGS_CROSSWALKED_SEPARATELY
141,0,0,0,0,False,ASSESSED_FROM_STABILIZED_FULL_FLYOUT_HTML,PRIVATE_LOCAL_ACTIVITY_EVIDENCE_SEARCHED_PUBLIC_FINDINGS_CROSSWALKED_SEPARATELY
142,2,1,1,0,False,ASSESSED_FROM_STABILIZED_FULL_FLYOUT_HTML,PRIVATE_LOCAL_ACTIVITY_EVIDENCE_SEARCHED_PUBLIC_FINDINGS_CROSSWALKED_SEPARATELY
143,0,0,0,0,False,ASSESSED_FROM_STABILIZED_FULL_FLYOUT_HTML,PRIVATE_LOCAL_ACTIVITY_EVIDENCE_SEARCHED_PUBLIC_FINDINGS_CROSSWALKED_SEPARATELY
144,32,1,31,0,False,ASSESSED_FROM_STABILIZED_FULL_FLYOUT_HTML,PRIVATE_LOCAL_ACTIVITY_EVIDENCE_SEARCHED_PUBLIC_FINDINGS_CROSSWALKED_SEPARATELY
145,0,0,0,0,False,ASSESSED_FROM_STABILIZED_FULL_FLYOUT_HTML,PRIVATE_LOCAL_ACTIVITY_EVIDENCE_SEARCHED_PUBLIC_FINDINGS_CROSSWALKED_SEPARATELY
146,17,1,16,0,False,ASSESSED_FROM_STABILIZED_FULL_FLYOUT_HTML,PRIVATE_LOCAL_ACTIVITY_EVIDENCE_SEARCHED_PUBLIC_FINDINGS_CROSSWALKED_SEPARATELY
147,0,0,0,0,False,ASSESSED_FROM_STABILIZED_FULL_FLYOUT_HTML,PRIVATE_LOCAL_ACTIVITY_EVIDENCE_SEARCHED_PUBLIC_FINDINGS_CROSSWALKED_SEPARATELY
148,24,1,23,0,False,ASSESSED_FROM_STABILIZED_FULL_FLYOUT_HTML,PRIVATE_LOCAL_ACTIVITY_EVIDENCE_SEARCHED_PUBLIC_FINDINGS_CROSSWALKED_SEPARATELY
149,13,1,12,0,False,ASSESSED_FROM_STABILIZED_FULL_FLYOUT_HTML,PRIVATE_LOCAL_ACTIVITY_EVIDENCE_SEARCHED_PUBLIC_FINDINGS_CROSSWALKED_SEPARATELY
150,0,0,0,0,False,ASSESSED_FROM_STABILIZED_FULL_FLYOUT_HTML,PRIVATE_LOCAL_ACTIVITY_EVIDENCE_SEARCHED_PUBLIC_FINDINGS_CROSSWALKED_SEPARATELY
151,2,1,1,0,False,ASSESSED_FROM_STABILIZED_FULL_FLYOUT_HTML,PRIVATE_LOCAL_ACTIVITY_EVIDENCE_SEARCHED_PUBLIC_FINDINGS_CROSSWALKED_SEPARATELY
152,0,0,0,0,False,ASSESSED_FROM_STABILIZED_FULL_FLYOUT_HTML,PRIVATE_LOCAL_ACTIVITY_EVIDENCE_SEARCHED_PUBLIC_FINDINGS_CROSSWALKED_SEPARATELY
153,2,1,1,0,False,ASSESSED_FROM_STABILIZED_FULL_FLYOUT_HTML,PRIVATE_LOCAL_ACTIVITY_EVIDENCE_SEARCHED_PUBLIC_FINDINGS_CROSSWALKED_SEPARATELY
154,0,0,0,0,False,ASSESSED_FROM_STABILIZED_FULL_FLYOUT_HTML,PRIVATE_LOCAL_ACTIVITY_EVIDENCE_SEARCHED_PUBLIC_FINDINGS_CROSSWALKED_SEPARATELY
155,0,0,0,0,False,ASSESSED_FROM_STABILIZED_FULL_FLYOUT_HTML,PRIVATE_LOCAL_ACTIVITY_EVIDENCE_SEARCHED_PUBLIC_FINDINGS_CROSSWALKED_SEPARATELY
156,2,1,1,0,False,ASSESSED_FROM_STABILIZED_FULL_FLYOUT_HTML,PRIVATE_LOCAL_ACTIVITY_EVIDENCE_SEARCHED_PUBLIC_FINDINGS_CROSSWALKED_SEPARATELY
157,2,1,1,0,False,ASSESSED_FROM_STABILIZED_FULL_FLYOUT_HTML,PRIVATE_LOCAL_ACTIVITY_EVIDENCE_SEARCHED_PUBLIC_FINDINGS_CROSSWALKED_SEPARATELY
158,2,1,1,0,False,ASSESSED_FROM_STABILIZED_FULL_FLYOUT_HTML,PRIVATE_LOCAL_ACTIVITY_EVIDENCE_SEARCHED_PUBLIC_FINDINGS_CROSSWALKED_SEPARATELY
159,2,1,1,0,False,ASSESSED_FROM_STABILIZED_FULL_FLYOUT_HTML,PRIVATE_LOCAL_ACTIVITY_EVIDENCE_SEARCHED_PUBLIC_FINDINGS_CROSSWALKED_SEPARATELY
160,0,0,0,0,False,ASSESSED_FROM_STABILIZED_FULL_FLYOUT_HTML,PRIVATE_LOCAL_ACTIVITY_EVIDENCE_SEARCHED_PUBLIC_FINDINGS_CROSSWALKED_SEPARATELY
161,2,1,1,0,False,ASSESSED_FROM_STABILIZED_FULL_FLYOUT_HTML,PRIVATE_LOCAL_ACTIVITY_EVIDENCE_SEARCHED_PUBLIC_FINDINGS_CROSSWALKED_SEPARATELY
162,2,1,1,0,False,ASSESSED_FROM_STABILIZED_FULL_FLYOUT_HTML,PRIVATE_LOCAL_ACTIVITY_EVIDENCE_SEARCHED_PUBLIC_FINDINGS_CROSSWALKED_SEPARATELY
163,0,0,0,0,False,ASSESSED_FROM_STABILIZED_FULL_FLYOUT_HTML,PRIVATE_LOCAL_ACTIVITY_EVIDENCE_SEARCHED_PUBLIC_FINDINGS_CROSSWALKED_SEPARATELY
164,0,0,0,0,False,ASSESSED_FROM_STABILIZED_FULL_FLYOUT_HTML,PRIVATE_LOCAL_ACTIVITY_EVIDENCE_SEARCHED_PUBLIC_FINDINGS_CROSSWALKED_SEPARATELY
165,2,1,1,0,False,ASSESSED_FROM_STABILIZED_FULL_FLYOUT_HTML,PRIVATE_LOCAL_ACTIVITY_EVIDENCE_SEARCHED_PUBLIC_FINDINGS_CROSSWALKED_SEPARATELY
166,0,0,0,0,False,ASSESSED_FROM_STABILIZED_FULL_FLYOUT_HTML,PRIVATE_LOCAL_ACTIVITY_EVIDENCE_SEARCHED_PUBLIC_FINDINGS_CROSSWALKED_SEPARATELY
167,1,1,0,0,False,ASSESSED_FROM_STABILIZED_FULL_FLYOUT_HTML,PRIVATE_LOCAL_ACTIVITY_EVIDENCE_SEARCHED_PUBLIC_FINDINGS_CROSSWALKED_SEPARATELY
168,0,0,0,0,False,ASSESSED_FROM_STABILIZED_FULL_FLYOUT_HTML,PRIVATE_LOCAL_ACTIVITY_EVIDENCE_SEARCHED_PUBLIC_FINDINGS_CROSSWALKED_SEPARATELY
169,0,0,0,0,False,ASSESSED_FROM_STABILIZED_FULL_FLYOUT_HTML,PRIVATE_LOCAL_ACTIVITY_EVIDENCE_SEARCHED_PUBLIC_FINDINGS_CROSSWALKED_SEPARATELY
170,2,1,1,1,True,ASSESSED_FROM_STABILIZED_FULL_FLYOUT_HTML,PRIVATE_LOCAL_ACTIVITY_EVIDENCE_SEARCHED_PUBLIC_FINDINGS_CROSSWALKED_SEPARATELY
171,0,0,0,0,False,ASSESSED_FROM_STABILIZED_FULL_FLYOUT_HTML,PRIVATE_LOCAL_ACTIVITY_EVIDENCE_SEARCHED_PUBLIC_FINDINGS_CROSSWALKED_SEPARATELY
172,0,0,0,0,False,ASSESSED_FROM_STABILIZED_FULL_FLYOUT_HTML,PRIVATE_LOCAL_ACTIVITY_EVIDENCE_SEARCHED_PUBLIC_FINDINGS_CROSSWALKED_SEPARATELY
173,2,1,1,0,False,ASSESSED_FROM_STABILIZED_FULL_FLYOUT_HTML,PRIVATE_LOCAL_ACTIVITY_EVIDENCE_SEARCHED_PUBLIC_FINDINGS_CROSSWALKED_SEPARATELY
174,0,0,0,0,False,ASSESSED_FROM_STABILIZED_FULL_FLYOUT_HTML,PRIVATE_LOCAL_ACTIVITY_EVIDENCE_SEARCHED_PUBLIC_FINDINGS_CROSSWALKED_SEPARATELY
175,2,1,1,0,False,ASSESSED_FROM_STABILIZED_FULL_FLYOUT_HTML,PRIVATE_LOCAL_ACTIVITY_EVIDENCE_SEARCHED_PUBLIC_FINDINGS_CROSSWALKED_SEPARATELY
176,0,0,0,0,False,ASSESSED_FROM_STABILIZED_FULL_FLYOUT_HTML,PRIVATE_LOCAL_ACTIVITY_EVIDENCE_SEARCHED_PUBLIC_FINDINGS_CROSSWALKED_SEPARATELY
177,2,1,1,0,False,ASSESSED_FROM_STABILIZED_FULL_FLYOUT_HTML,PRIVATE_LOCAL_ACTIVITY_EVIDENCE_SEARCHED_PUBLIC_FINDINGS_CROSSWALKED_SEPARATELY
178,0,0,0,0,False,ASSESSED_FROM_STABILIZED_FULL_FLYOUT_HTML,PRIVATE_LOCAL_ACTIVITY_EVIDENCE_SEARCHED_PUBLIC_FINDINGS_CROSSWALKED_SEPARATELY
179,1,1,0,0,False,ASSESSED_FROM_STABILIZED_FULL_FLYOUT_HTML,PRIVATE_LOCAL_ACTIVITY_EVIDENCE_SEARCHED_PUBLIC_FINDINGS_CROSSWALKED_SEPARATELY
180,0,0,0,0,False,ASSESSED_FROM_STABILIZED_FULL_FLYOUT_HTML,PRIVATE_LOCAL_ACTIVITY_EVIDENCE_SEARCHED_PUBLIC_FINDINGS_CROSSWALKED_SEPARATELY
181,6,1,5,1,True,ASSESSED_FROM_STABILIZED_FULL_FLYOUT_HTML,PRIVATE_LOCAL_ACTIVITY_EVIDENCE_SEARCHED_PUBLIC_FINDINGS_CROSSWALKED_SEPARATELY
182,2,1,1,0,False,ASSESSED_FROM_STABILIZED_FULL_FLYOUT_HTML,PRIVATE_LOCAL_ACTIVITY_EVIDENCE_SEARCHED_PUBLIC_FINDINGS_CROSSWALKED_SEPARATELY
183,0,0,0,0,False,ASSESSED_FROM_STABILIZED_FULL_FLYOUT_HTML,PRIVATE_LOCAL_ACTIVITY_EVIDENCE_SEARCHED_PUBLIC_FINDINGS_CROSSWALKED_SEPARATELY
184,2,1,1,0,False,ASSESSED_FROM_STABILIZED_FULL_FLYOUT_HTML,PRIVATE_LOCAL_ACTIVITY_EVIDENCE_SEARCHED_PUBLIC_FINDINGS_CROSSWALKED_SEPARATELY
185,0,0,0,0,False,ASSESSED_FROM_STABILIZED_FULL_FLYOUT_HTML,PRIVATE_LOCAL_ACTIVITY_EVIDENCE_SEARCHED_PUBLIC_FINDINGS_CROSSWALKED_SEPARATELY
186,2,1,1,0,False,ASSESSED_FROM_STABILIZED_FULL_FLYOUT_HTML,PRIVATE_LOCAL_ACTIVITY_EVIDENCE_SEARCHED_PUBLIC_FINDINGS_CROSSWALKED_SEPARATELY
187,0,0,0,0,False,ASSESSED_FROM_STABILIZED_FULL_FLYOUT_HTML,PRIVATE_LOCAL_ACTIVITY_EVIDENCE_SEARCHED_PUBLIC_FINDINGS_CROSSWALKED_SEPARATELY
188,2,1,1,0,False,ASSESSED_FROM_STABILIZED_FULL_FLYOUT_HTML,PRIVATE_LOCAL_ACTIVITY_EVIDENCE_SEARCHED_PUBLIC_FINDINGS_CROSSWALKED_SEPARATELY
189,2,1,1,2,True,ASSESSED_FROM_STABILIZED_FULL_FLYOUT_HTML,PRIVATE_LOCAL_ACTIVITY_EVIDENCE_SEARCHED_PUBLIC_FINDINGS_CROSSWALKED_SEPARATELY
190,2,1,1,0,True,ASSESSED_FROM_STABILIZED_FULL_FLYOUT_HTML,PRIVATE_LOCAL_ACTIVITY_EVIDENCE_SEARCHED_PUBLIC_FINDINGS_CROSSWALKED_SEPARATELY
191,0,0,0,0,False,ASSESSED_FROM_STABILIZED_FULL_FLYOUT_HTML,PRIVATE_LOCAL_ACTIVITY_EVIDENCE_SEARCHED_PUBLIC_FINDINGS_CROSSWALKED_SEPARATELY
192,2,1,1,0,False,ASSESSED_FROM_STABILIZED_FULL_FLYOUT_HTML,PRIVATE_LOCAL_ACTIVITY_EVIDENCE_SEARCHED_PUBLIC_FINDINGS_CROSSWALKED_SEPARATELY
193,2,1,1,0,True,ASSESSED_FROM_STABILIZED_FULL_FLYOUT_HTML,PRIVATE_LOCAL_ACTIVITY_EVIDENCE_SEARCHED_PUBLIC_FINDINGS_CROSSWALKED_SEPARATELY
194,2,1,1,0,True,ASSESSED_FROM_STABILIZED_FULL_FLYOUT_HTML,PRIVATE_LOCAL_ACTIVITY_EVIDENCE_SEARCHED_PUBLIC_FINDINGS_CROSSWALKED_SEPARATELY
195,4,1,3,1,True,ASSESSED_FROM_STABILIZED_FULL_FLYOUT_HTML,PRIVATE_LOCAL_ACTIVITY_EVIDENCE_SEARCHED_PUBLIC_FINDINGS_CROSSWALKED_SEPARATELY
196,1,1,0,0,False,ASSESSED_FROM_STABILIZED_FULL_FLYOUT_HTML,PRIVATE_LOCAL_ACTIVITY_EVIDENCE_SEARCHED_PUBLIC_FINDINGS_CROSSWALKED_SEPARATELY
197,0,0,0,0,False,ASSESSED_FROM_STABILIZED_FULL_FLYOUT_HTML,PRIVATE_LOCAL_ACTIVITY_EVIDENCE_SEARCHED_PUBLIC_FINDINGS_CROSSWALKED_SEPARATELY
198,2,1,1,0,False,ASSESSED_FROM_STABILIZED_FULL_FLYOUT_HTML,PRIVATE_LOCAL_ACTIVITY_EVIDENCE_SEARCHED_PUBLIC_FINDINGS_CROSSWALKED_SEPARATELY
199,0,0,0,0,False,ASSESSED_FROM_STABILIZED_FULL_FLYOUT_HTML,PRIVATE_LOCAL_ACTIVITY_EVIDENCE_SEARCHED_PUBLIC_FINDINGS_CROSSWALKED_SEPARATELY
200,2,1,1,0,False,ASSESSED_FROM_STABILIZED_FULL_FLYOUT_HTML,PRIVATE_LOCAL_ACTIVITY_EVIDENCE_SEARCHED_PUBLIC_FINDINGS_CROSSWALKED_SEPARATELY
201,2,1,1,0,True,ASSESSED_FROM_STABILIZED_FULL_FLYOUT_HTML,PRIVATE_LOCAL_ACTIVITY_EVIDENCE_SEARCHED_PUBLIC_FINDINGS_CROSSWALKED_SEPARATELY
202,0,0,0,0,False,ASSESSED_FROM_STABILIZED_FULL_FLYOUT_HTML,PRIVATE_LOCAL_ACTIVITY_EVIDENCE_SEARCHED_PUBLIC_FINDINGS_CROSSWALKED_SEPARATELY
203,2,1,1,0,False,ASSESSED_FROM_STABILIZED_FULL_FLYOUT_HTML,PRIVATE_LOCAL_ACTIVITY_EVIDENCE_SEARCHED_PUBLIC_FINDINGS_CROSSWALKED_SEPARATELY
204,0,0,0,0,False,ASSESSED_FROM_STABILIZED_FULL_FLYOUT_HTML,PRIVATE_LOCAL_ACTIVITY_EVIDENCE_SEARCHED_PUBLIC_FINDINGS_CROSSWALKED_SEPARATELY
205,2,1,1,0,False,ASSESSED_FROM_STABILIZED_FULL_FLYOUT_HTML,PRIVATE_LOCAL_ACTIVITY_EVIDENCE_SEARCHED_PUBLIC_FINDINGS_CROSSWALKED_SEPARATELY
206,2,1,1,0,False,ASSESSED_FROM_STABILIZED_FULL_FLYOUT_HTML,PRIVATE_LOCAL_ACTIVITY_EVIDENCE_SEARCHED_PUBLIC_FINDINGS_CROSSWALKED_SEPARATELY
207,0,0,0,0,False,ASSESSED_FROM_STABILIZED_FULL_FLYOUT_HTML,PRIVATE_LOCAL_ACTIVITY_EVIDENCE_SEARCHED_PUBLIC_FINDINGS_CROSSWALKED_SEPARATELY
208,2,1,1,0,False,ASSESSED_FROM_STABILIZED_FULL_FLYOUT_HTML,PRIVATE_LOCAL_ACTIVITY_EVIDENCE_SEARCHED_PUBLIC_FINDINGS_CROSSWALKED_SEPARATELY
209,2,1,1,0,False,ASSESSED_FROM_STABILIZED_FULL_FLYOUT_HTML,PRIVATE_LOCAL_ACTIVITY_EVIDENCE_SEARCHED_PUBLIC_FINDINGS_CROSSWALKED_SEPARATELY
210,0,0,0,0,False,ASSESSED_FROM_STABILIZED_FULL_FLYOUT_HTML,PRIVATE_LOCAL_ACTIVITY_EVIDENCE_SEARCHED_PUBLIC_FINDINGS_CROSSWALKED_SEPARATELY
211,2,1,1,0,False,ASSESSED_FROM_STABILIZED_FULL_FLYOUT_HTML,PRIVATE_LOCAL_ACTIVITY_EVIDENCE_SEARCHED_PUBLIC_FINDINGS_CROSSWALKED_SEPARATELY
212,0,0,0,0,False,ASSESSED_FROM_STABILIZED_FULL_FLYOUT_HTML,PRIVATE_LOCAL_ACTIVITY_EVIDENCE_SEARCHED_PUBLIC_FINDINGS_CROSSWALKED_SEPARATELY
213,2,1,1,0,False,ASSESSED_FROM_STABILIZED_FULL_FLYOUT_HTML,PRIVATE_LOCAL_ACTIVITY_EVIDENCE_SEARCHED_PUBLIC_FINDINGS_CROSSWALKED_SEPARATELY
214,0,0,0,0,False,ASSESSED_FROM_STABILIZED_FULL_FLYOUT_HTML,PRIVATE_LOCAL_ACTIVITY_EVIDENCE_SEARCHED_PUBLIC_FINDINGS_CROSSWALKED_SEPARATELY
215,0,0,0,0,False,ASSESSED_FROM_STABILIZED_FULL_FLYOUT_HTML,PRIVATE_LOCAL_ACTIVITY_EVIDENCE_SEARCHED_PUBLIC_FINDINGS_CROSSWALKED_SEPARATELY
216,2,1,1,0,False,ASSESSED_FROM_STABILIZED_FULL_FLYOUT_HTML,PRIVATE_LOCAL_ACTIVITY_EVIDENCE_SEARCHED_PUBLIC_FINDINGS_CROSSWALKED_SEPARATELY
217,2,1,1,1,True,ASSESSED_FROM_STABILIZED_FULL_FLYOUT_HTML,PRIVATE_LOCAL_ACTIVITY_EVIDENCE_SEARCHED_PUBLIC_FINDINGS_CROSSWALKED_SEPARATELY
218,2,1,1,0,False,ASSESSED_FROM_STABILIZED_FULL_FLYOUT_HTML,PRIVATE_LOCAL_ACTIVITY_EVIDENCE_SEARCHED_PUBLIC_FINDINGS_CROSSWALKED_SEPARATELY
219,0,0,0,0,False,ASSESSED_FROM_STABILIZED_FULL_FLYOUT_HTML,PRIVATE_LOCAL_ACTIVITY_EVIDENCE_SEARCHED_PUBLIC_FINDINGS_CROSSWALKED_SEPARATELY
220,0,0,0,0,False,ASSESSED_FROM_STABILIZED_FULL_FLYOUT_HTML,PRIVATE_LOCAL_ACTIVITY_EVIDENCE_SEARCHED_PUBLIC_FINDINGS_CROSSWALKED_SEPARATELY
221,0,0,0,0,False,ASSESSED_FROM_STABILIZED_FULL_FLYOUT_HTML,PRIVATE_LOCAL_ACTIVITY_EVIDENCE_SEARCHED_PUBLIC_FINDINGS_CROSSWALKED_SEPARATELY
222,2,1,1,0,False,ASSESSED_FROM_STABILIZED_FULL_FLYOUT_HTML,PRIVATE_LOCAL_ACTIVITY_EVIDENCE_SEARCHED_PUBLIC_FINDINGS_CROSSWALKED_SEPARATELY
223,0,0,0,0,False,ASSESSED_FROM_STABILIZED_FULL_FLYOUT_HTML,PRIVATE_LOCAL_ACTIVITY_EVIDENCE_SEARCHED_PUBLIC_FINDINGS_CROSSWALKED_SEPARATELY
224,7,1,6,3,True,ASSESSED_FROM_STABILIZED_FULL_FLYOUT_HTML,PRIVATE_LOCAL_ACTIVITY_EVIDENCE_SEARCHED_PUBLIC_FINDINGS_CROSSWALKED_SEPARATELY
225,3,1,2,2,True,ASSESSED_FROM_STABILIZED_FULL_FLYOUT_HTML,PRIVATE_LOCAL_ACTIVITY_EVIDENCE_SEARCHED_PUBLIC_FINDINGS_CROSSWALKED_SEPARATELY
226,0,0,0,0,False,ASSESSED_FROM_STABILIZED_FULL_FLYOUT_HTML,PRIVATE_LOCAL_ACTIVITY_EVIDENCE_SEARCHED_PUBLIC_FINDINGS_CROSSWALKED_SEPARATELY
227,6,1,5,0,True,ASSESSED_FROM_STABILIZED_FULL_FLYOUT_HTML,PRIVATE_LOCAL_ACTIVITY_EVIDENCE_SEARCHED_PUBLIC_FINDINGS_CROSSWALKED_SEPARATELY
228,0,0,0,0,False,ASSESSED_FROM_STABILIZED_FULL_FLYOUT_HTML,PRIVATE_LOCAL_ACTIVITY_EVIDENCE_SEARCHED_PUBLIC_FINDINGS_CROSSWALKED_SEPARATELY
229,6,1,5,2,True,ASSESSED_FROM_STABILIZED_FULL_FLYOUT_HTML,PRIVATE_LOCAL_ACTIVITY_EVIDENCE_SEARCHED_PUBLIC_FINDINGS_CROSSWALKED_SEPARATELY
230,0,0,0,0,False,ASSESSED_FROM_STABILIZED_FULL_FLYOUT_HTML,PRIVATE_LOCAL_ACTIVITY_EVIDENCE_SEARCHED_PUBLIC_FINDINGS_CROSSWALKED_SEPARATELY
231,13,1,12,1,True,ASSESSED_FROM_STABILIZED_FULL_FLYOUT_HTML,PRIVATE_LOCAL_ACTIVITY_EVIDENCE_SEARCHED_PUBLIC_FINDINGS_CROSSWALKED_SEPARATELY
232,0,0,0,0,False,ASSESSED_FROM_STABILIZED_FULL_FLYOUT_HTML,PRIVATE_LOCAL_ACTIVITY_EVIDENCE_SEARCHED_PUBLIC_FINDINGS_CROSSWALKED_SEPARATELY
233,0,0,0,0,False,ASSESSED_FROM_STABILIZED_FULL_FLYOUT_HTML,PRIVATE_LOCAL_ACTIVITY_EVIDENCE_SEARCHED_PUBLIC_FINDINGS_CROSSWALKED_SEPARATELY
234,2,1,1,0,False,ASSESSED_FROM_STABILIZED_FULL_FLYOUT_HTML,PRIVATE_LOCAL_ACTIVITY_EVIDENCE_SEARCHED_PUBLIC_FINDINGS_CROSSWALKED_SEPARATELY
235,2,1,1,0,False,ASSESSED_FROM_STABILIZED_FULL_FLYOUT_HTML,PRIVATE_LOCAL_ACTIVITY_EVIDENCE_SEARCHED_PUBLIC_FINDINGS_CROSSWALKED_SEPARATELY
236,0,0,0,0,False,ASSESSED_FROM_STABILIZED_FULL_FLYOUT_HTML,PRIVATE_LOCAL_ACTIVITY_EVIDENCE_SEARCHED_PUBLIC_FINDINGS_CROSSWALKED_SEPARATELY
237,2,1,1,0,False,ASSESSED_FROM_STABILIZED_FULL_FLYOUT_HTML,PRIVATE_LOCAL_ACTIVITY_EVIDENCE_SEARCHED_PUBLIC_FINDINGS_CROSSWALKED_SEPARATELY
238,0,0,0,0,False,ASSESSED_FROM_STABILIZED_FULL_FLYOUT_HTML,PRIVATE_LOCAL_ACTIVITY_EVIDENCE_SEARCHED_PUBLIC_FINDINGS_CROSSWALKED_SEPARATELY
239,2,1,1,1,True,ASSESSED_FROM_STABILIZED_FULL_FLYOUT_HTML,PRIVATE_LOCAL_ACTIVITY_EVIDENCE_SEARCHED_PUBLIC_FINDINGS_CROSSWALKED_SEPARATELY
240,0,0,0,0,False,ASSESSED_FROM_STABILIZED_FULL_FLYOUT_HTML,PRIVATE_LOCAL_ACTIVITY_EVIDENCE_SEARCHED_PUBLIC_FINDINGS_CROSSWALKED_SEPARATELY
241,12,1,11,0,True,ASSESSED_FROM_STABILIZED_FULL_FLYOUT_HTML,PRIVATE_LOCAL_ACTIVITY_EVIDENCE_SEARCHED_PUBLIC_FINDINGS_CROSSWALKED_SEPARATELY
242,0,0,0,0,False,ASSESSED_FROM_STABILIZED_FULL_FLYOUT_HTML,PRIVATE_LOCAL_ACTIVITY_EVIDENCE_SEARCHED_PUBLIC_FINDINGS_CROSSWALKED_SEPARATELY
243,0,0,0,0,False,ASSESSED_FROM_STABILIZED_FULL_FLYOUT_HTML,PRIVATE_LOCAL_ACTIVITY_EVIDENCE_SEARCHED_PUBLIC_FINDINGS_CROSSWALKED_SEPARATELY
244,2,1,1,0,False,ASSESSED_FROM_STABILIZED_FULL_FLYOUT_HTML,PRIVATE_LOCAL_ACTIVITY_EVIDENCE_SEARCHED_PUBLIC_FINDINGS_CROSSWALKED_SEPARATELY
245,0,0,0,0,False,ASSESSED_FROM_STABILIZED_FULL_FLYOUT_HTML,PRIVATE_LOCAL_ACTIVITY_EVIDENCE_SEARCHED_PUBLIC_FINDINGS_CROSSWALKED_SEPARATELY
246,2,1,1,0,False,ASSESSED_FROM_STABILIZED_FULL_FLYOUT_HTML,PRIVATE_LOCAL_ACTIVITY_EVIDENCE_SEARCHED_PUBLIC_FINDINGS_CROSSWALKED_SEPARATELY
247,0,0,0,0,False,ASSESSED_FROM_STABILIZED_FULL_FLYOUT_HTML,PRIVATE_LOCAL_ACTIVITY_EVIDENCE_SEARCHED_PUBLIC_FINDINGS_CROSSWALKED_SEPARATELY
248,1,1,0,0,False,ASSESSED_FROM_STABILIZED_FULL_FLYOUT_HTML,PRIVATE_LOCAL_ACTIVITY_EVIDENCE_SEARCHED_PUBLIC_FINDINGS_CROSSWALKED_SEPARATELY
249,0,0,0,0,False,ASSESSED_FROM_STABILIZED_FULL_FLYOUT_HTML,PRIVATE_LOCAL_ACTIVITY_EVIDENCE_SEARCHED_PUBLIC_FINDINGS_CROSSWALKED_SEPARATELY
250,2,1,1,0,False,ASSESSED_FROM_STABILIZED_FULL_FLYOUT_HTML,PRIVATE_LOCAL_ACTIVITY_EVIDENCE_SEARCHED_PUBLIC_FINDINGS_CROSSWALKED_SEPARATELY
251,0,0,0,0,False,ASSESSED_FROM_STABILIZED_FULL_FLYOUT_HTML,PRIVATE_LOCAL_ACTIVITY_EVIDENCE_SEARCHED_PUBLIC_FINDINGS_CROSSWALKED_SEPARATELY
252,10,1,9,0,True,ASSESSED_FROM_STABILIZED_FULL_FLYOUT_HTML,PRIVATE_LOCAL_ACTIVITY_EVIDENCE_SEARCHED_PUBLIC_FINDINGS_CROSSWALKED_SEPARATELY
253,2,1,1,0,False,ASSESSED_FROM_STABILIZED_FULL_FLYOUT_HTML,PRIVATE_LOCAL_ACTIVITY_EVIDENCE_SEARCHED_PUBLIC_FINDINGS_CROSSWALKED_SEPARATELY
254,0,0,0,0,False,ASSESSED_FROM_STABILIZED_FULL_FLYOUT_HTML,PRIVATE_LOCAL_ACTIVITY_EVIDENCE_SEARCHED_PUBLIC_FINDINGS_CROSSWALKED_SEPARATELY
255,2,1,1,0,False,ASSESSED_FROM_STABILIZED_FULL_FLYOUT_HTML,PRIVATE_LOCAL_ACTIVITY_EVIDENCE_SEARCHED_PUBLIC_FINDINGS_CROSSWALKED_SEPARATELY
256,2,1,1,0,False,ASSESSED_FROM_STABILIZED_FULL_FLYOUT_HTML,PRIVATE_LOCAL_ACTIVITY_EVIDENCE_SEARCHED_PUBLIC_FINDINGS_CROSSWALKED_SEPARATELY
257,0,0,0,0,False,ASSESSED_FROM_STABILIZED_FULL_FLYOUT_HTML,PRIVATE_LOCAL_ACTIVITY_EVIDENCE_SEARCHED_PUBLIC_FINDINGS_CROSSWALKED_SEPARATELY
258,11,1,10,0,True,ASSESSED_FROM_STABILIZED_FULL_FLYOUT_HTML,PRIVATE_LOCAL_ACTIVITY_EVIDENCE_SEARCHED_PUBLIC_FINDINGS_CROSSWALKED_SEPARATELY
259,0,0,0,0,False,ASSESSED_FROM_STABILIZED_FULL_FLYOUT_HTML,PRIVATE_LOCAL_ACTIVITY_EVIDENCE_SEARCHED_PUBLIC_FINDINGS_CROSSWALKED_SEPARATELY
260,2,1,1,0,False,ASSESSED_FROM_STABILIZED_FULL_FLYOUT_HTML,PRIVATE_LOCAL_ACTIVITY_EVIDENCE_SEARCHED_PUBLIC_FINDINGS_CROSSWALKED_SEPARATELY
261,8,1,7,0,True,ASSESSED_FROM_STABILIZED_FULL_FLYOUT_HTML,PRIVATE_LOCAL_ACTIVITY_EVIDENCE_SEARCHED_PUBLIC_FINDINGS_CROSSWALKED_SEPARATELY
262,0,0,0,0,False,ASSESSED_FROM_STABILIZED_FULL_FLYOUT_HTML,PRIVATE_LOCAL_ACTIVITY_EVIDENCE_SEARCHED_PUBLIC_FINDINGS_CROSSWALKED_SEPARATELY
263,3,1,2,0,True,ASSESSED_FROM_STABILIZED_FULL_FLYOUT_HTML,PRIVATE_LOCAL_ACTIVITY_EVIDENCE_SEARCHED_PUBLIC_FINDINGS_CROSSWALKED_SEPARATELY
264,0,0,0,0,False,ASSESSED_FROM_STABILIZED_FULL_FLYOUT_HTML,PRIVATE_LOCAL_ACTIVITY_EVIDENCE_SEARCHED_PUBLIC_FINDINGS_CROSSWALKED_SEPARATELY
265,3,1,2,0,True,ASSESSED_FROM_STABILIZED_FULL_FLYOUT_HTML,PRIVATE_LOCAL_ACTIVITY_EVIDENCE_SEARCHED_PUBLIC_FINDINGS_CROSSWALKED_SEPARATELY
266,2,1,1,0,False,ASSESSED_FROM_STABILIZED_FULL_FLYOUT_HTML,PRIVATE_LOCAL_ACTIVITY_EVIDENCE_SEARCHED_PUBLIC_FINDINGS_CROSSWALKED_SEPARATELY
267,2,1,1,0,True,ASSESSED_FROM_STABILIZED_FULL_FLYOUT_HTML,PRIVATE_LOCAL_ACTIVITY_EVIDENCE_SEARCHED_PUBLIC_FINDINGS_CROSSWALKED_SEPARATELY
268,2,1,1,0,False,ASSESSED_FROM_STABILIZED_FULL_FLYOUT_HTML,PRIVATE_LOCAL_ACTIVITY_EVIDENCE_SEARCHED_PUBLIC_FINDINGS_CROSSWALKED_SEPARATELY
269,2,1,1,0,False,ASSESSED_FROM_STABILIZED_FULL_FLYOUT_HTML,PRIVATE_LOCAL_ACTIVITY_EVIDENCE_SEARCHED_PUBLIC_FINDINGS_CROSSWALKED_SEPARATELY
270,9,1,8,0,True,ASSESSED_FROM_STABILIZED_FULL_FLYOUT_HTML,PRIVATE_LOCAL_ACTIVITY_EVIDENCE_SEARCHED_PUBLIC_FINDINGS_CROSSWALKED_SEPARATELY
271,0,0,0,0,False,ASSESSED_FROM_STABILIZED_FULL_FLYOUT_HTML,PRIVATE_LOCAL_ACTIVITY_EVIDENCE_SEARCHED_PUBLIC_FINDINGS_CROSSWALKED_SEPARATELY
272,8,1,7,0,True,ASSESSED_FROM_STABILIZED_FULL_FLYOUT_HTML,PRIVATE_LOCAL_ACTIVITY_EVIDENCE_SEARCHED_PUBLIC_FINDINGS_CROSSWALKED_SEPARATELY
273,2,1,1,1,True,ASSESSED_FROM_STABILIZED_FULL_FLYOUT_HTML,PRIVATE_LOCAL_ACTIVITY_EVIDENCE_SEARCHED_PUBLIC_FINDINGS_CROSSWALKED_SEPARATELY
274,2,1,1,1,True,ASSESSED_FROM_STABILIZED_FULL_FLYOUT_HTML,PRIVATE_LOCAL_ACTIVITY_EVIDENCE_SEARCHED_PUBLIC_FINDINGS_CROSSWALKED_SEPARATELY
275,0,0,0,0,False,ASSESSED_FROM_STABILIZED_FULL_FLYOUT_HTML,PRIVATE_LOCAL_ACTIVITY_EVIDENCE_SEARCHED_PUBLIC_FINDINGS_CROSSWALKED_SEPARATELY
276,2,1,1,0,False,ASSESSED_FROM_STABILIZED_FULL_FLYOUT_HTML,PRIVATE_LOCAL_ACTIVITY_EVIDENCE_SEARCHED_PUBLIC_FINDINGS_CROSSWALKED_SEPARATELY
277,2,1,1,0,False,ASSESSED_FROM_STABILIZED_FULL_FLYOUT_HTML,PRIVATE_LOCAL_ACTIVITY_EVIDENCE_SEARCHED_PUBLIC_FINDINGS_CROSSWALKED_SEPARATELY
278,14,1,13,0,True,ASSESSED_FROM_STABILIZED_FULL_FLYOUT_HTML,PRIVATE_LOCAL_ACTIVITY_EVIDENCE_SEARCHED_PUBLIC_FINDINGS_CROSSWALKED_SEPARATELY
279,2,1,1,0,False,ASSESSED_FROM_STABILIZED_FULL_FLYOUT_HTML,PRIVATE_LOCAL_ACTIVITY_EVIDENCE_SEARCHED_PUBLIC_FINDINGS_CROSSWALKED_SEPARATELY
280,2,1,1,0,False,ASSESSED_FROM_STABILIZED_FULL_FLYOUT_HTML,PRIVATE_LOCAL_ACTIVITY_EVIDENCE_SEARCHED_PUBLIC_FINDINGS_CROSSWALKED_SEPARATELY
281,0,0,0,0,False,ASSESSED_FROM_STABILIZED_FULL_FLYOUT_HTML,PRIVATE_LOCAL_ACTIVITY_EVIDENCE_SEARCHED_PUBLIC_FINDINGS_CROSSWALKED_SEPARATELY
282,2,1,1,0,False,ASSESSED_FROM_STABILIZED_FULL_FLYOUT_HTML,PRIVATE_LOCAL_ACTIVITY_EVIDENCE_SEARCHED_PUBLIC_FINDINGS_CROSSWALKED_SEPARATELY
283,2,1,1,0,False,ASSESSED_FROM_STABILIZED_FULL_FLYOUT_HTML,PRIVATE_LOCAL_ACTIVITY_EVIDENCE_SEARCHED_PUBLIC_FINDINGS_CROSSWALKED_SEPARATELY
284,1,1,0,0,False,ASSESSED_FROM_STABILIZED_FULL_FLYOUT_HTML,PRIVATE_LOCAL_ACTIVITY_EVIDENCE_SEARCHED_PUBLIC_FINDINGS_CROSSWALKED_SEPARATELY
285,0,0,0,0,False,ASSESSED_FROM_STABILIZED_FULL_FLYOUT_HTML,PRIVATE_LOCAL_ACTIVITY_EVIDENCE_SEARCHED_PUBLIC_FINDINGS_CROSSWALKED_SEPARATELY
286,0,0,0,0,False,ASSESSED_FROM_STABILIZED_FULL_FLYOUT_HTML,PRIVATE_LOCAL_ACTIVITY_EVIDENCE_SEARCHED_PUBLIC_FINDINGS_CROSSWALKED_SEPARATELY
287,2,1,1,0,False,ASSESSED_FROM_STABILIZED_FULL_FLYOUT_HTML,PRIVATE_LOCAL_ACTIVITY_EVIDENCE_SEARCHED_PUBLIC_FINDINGS_CROSSWALKED_SEPARATELY
288,0,0,0,0,False,ASSESSED_FROM_STABILIZED_FULL_FLYOUT_HTML,PRIVATE_LOCAL_ACTIVITY_EVIDENCE_SEARCHED_PUBLIC_FINDINGS_CROSSWALKED_SEPARATELY
289,2,1,1,0,False,ASSESSED_FROM_STABILIZED_FULL_FLYOUT_HTML,PRIVATE_LOCAL_ACTIVITY_EVIDENCE_SEARCHED_PUBLIC_FINDINGS_CROSSWALKED_SEPARATELY
290,0,0,0,0,False,ASSESSED_FROM_STABILIZED_FULL_FLYOUT_HTML,PRIVATE_LOCAL_ACTIVITY_EVIDENCE_SEARCHED_PUBLIC_FINDINGS_CROSSWALKED_SEPARATELY
291,9,1,8,0,True,ASSESSED_FROM_STABILIZED_FULL_FLYOUT_HTML,PRIVATE_LOCAL_ACTIVITY_EVIDENCE_SEARCHED_PUBLIC_FINDINGS_CROSSWALKED_SEPARATELY
292,2,1,1,0,True,ASSESSED_FROM_STABILIZED_FULL_FLYOUT_HTML,PRIVATE_LOCAL_ACTIVITY_EVIDENCE_SEARCHED_PUBLIC_FINDINGS_CROSSWALKED_SEPARATELY
293,2,1,1,0,False,ASSESSED_FROM_STABILIZED_FULL_FLYOUT_HTML,PRIVATE_LOCAL_ACTIVITY_EVIDENCE_SEARCHED_PUBLIC_FINDINGS_CROSSWALKED_SEPARATELY
294,0,0,0,0,False,ASSESSED_FROM_STABILIZED_FULL_FLYOUT_HTML,PRIVATE_LOCAL_ACTIVITY_EVIDENCE_SEARCHED_PUBLIC_FINDINGS_CROSSWALKED_SEPARATELY
295,2,1,1,1,True,ASSESSED_FROM_STABILIZED_FULL_FLYOUT_HTML,PRIVATE_LOCAL_ACTIVITY_EVIDENCE_SEARCHED_PUBLIC_FINDINGS_CROSSWALKED_SEPARATELY
296,0,0,0,0,False,ASSESSED_FROM_STABILIZED_FULL_FLYOUT_HTML,PRIVATE_LOCAL_ACTIVITY_EVIDENCE_SEARCHED_PUBLIC_FINDINGS_CROSSWALKED_SEPARATELY
297,0,0,0,0,False,ASSESSED_FROM_STABILIZED_FULL_FLYOUT_HTML,PRIVATE_LOCAL_ACTIVITY_EVIDENCE_SEARCHED_PUBLIC_FINDINGS_CROSSWALKED_SEPARATELY
298,2,1,1,1,True,ASSESSED_FROM_STABILIZED_FULL_FLYOUT_HTML,PRIVATE_LOCAL_ACTIVITY_EVIDENCE_SEARCHED_PUBLIC_FINDINGS_CROSSWALKED_SEPARATELY
299,0,0,0,0,False,ASSESSED_FROM_STABILIZED_FULL_FLYOUT_HTML,PRIVATE_LOCAL_ACTIVITY_EVIDENCE_SEARCHED_PUBLIC_FINDINGS_CROSSWALKED_SEPARATELY
300,2,1,1,0,False,ASSESSED_FROM_STABILIZED_FULL_FLYOUT_HTML,PRIVATE_LOCAL_ACTIVITY_EVIDENCE_SEARCHED_PUBLIC_FINDINGS_CROSSWALKED_SEPARATELY
301,0,0,0,0,False,ASSESSED_FROM_STABILIZED_FULL_FLYOUT_HTML,PRIVATE_LOCAL_ACTIVITY_EVIDENCE_SEARCHED_PUBLIC_FINDINGS_CROSSWALKED_SEPARATELY
302,0,0,0,0,False,ASSESSED_FROM_STABILIZED_FULL_FLYOUT_HTML,PRIVATE_LOCAL_ACTIVITY_EVIDENCE_SEARCHED_PUBLIC_FINDINGS_CROSSWALKED_SEPARATELY
303,17,1,16,0,True,ASSESSED_FROM_STABILIZED_FULL_FLYOUT_HTML,PRIVATE_LOCAL_ACTIVITY_EVIDENCE_SEARCHED_PUBLIC_FINDINGS_CROSSWALKED_SEPARATELY
304,2,1,1,1,True,ASSESSED_FROM_STABILIZED_FULL_FLYOUT_HTML,PRIVATE_LOCAL_ACTIVITY_EVIDENCE_SEARCHED_PUBLIC_FINDINGS_CROSSWALKED_SEPARATELY
305,2,1,1,0,True,ASSESSED_FROM_STABILIZED_FULL_FLYOUT_HTML,PRIVATE_LOCAL_ACTIVITY_EVIDENCE_SEARCHED_PUBLIC_FINDINGS_CROSSWALKED_SEPARATELY
306,7,1,6,0,True,ASSESSED_FROM_STABILIZED_FULL_FLYOUT_HTML,PRIVATE_LOCAL_ACTIVITY_EVIDENCE_SEARCHED_PUBLIC_FINDINGS_CROSSWALKED_SEPARATELY
307,2,1,1,0,False,ASSESSED_FROM_STABILIZED_FULL_FLYOUT_HTML,PRIVATE_LOCAL_ACTIVITY_EVIDENCE_SEARCHED_PUBLIC_FINDINGS_CROSSWALKED_SEPARATELY
308,0,0,0,0,False,ASSESSED_FROM_STABILIZED_FULL_FLYOUT_HTML,PRIVATE_LOCAL_ACTIVITY_EVIDENCE_SEARCHED_PUBLIC_FINDINGS_CROSSWALKED_SEPARATELY
309,2,1,1,0,False,ASSESSED_FROM_STABILIZED_FULL_FLYOUT_HTML,PRIVATE_LOCAL_ACTIVITY_EVIDENCE_SEARCHED_PUBLIC_FINDINGS_CROSSWALKED_SEPARATELY
310,17,1,16,0,True,ASSESSED_FROM_STABILIZED_FULL_FLYOUT_HTML,PRIVATE_LOCAL_ACTIVITY_EVIDENCE_SEARCHED_PUBLIC_FINDINGS_CROSSWALKED_SEPARATELY
311,0,0,0,0,False,ASSESSED_FROM_STABILIZED_FULL_FLYOUT_HTML,PRIVATE_LOCAL_ACTIVITY_EVIDENCE_SEARCHED_PUBLIC_FINDINGS_CROSSWALKED_SEPARATELY
312,2,1,1,0,False,ASSESSED_FROM_STABILIZED_FULL_FLYOUT_HTML,PRIVATE_LOCAL_ACTIVITY_EVIDENCE_SEARCHED_PUBLIC_FINDINGS_CROSSWALKED_SEPARATELY
313,2,1,1,0,False,ASSESSED_FROM_STABILIZED_FULL_FLYOUT_HTML,PRIVATE_LOCAL_ACTIVITY_EVIDENCE_SEARCHED_PUBLIC_FINDINGS_CROSSWALKED_SEPARATELY
314,2,1,1,0,False,ASSESSED_FROM_STABILIZED_FULL_FLYOUT_HTML,PRIVATE_LOCAL_ACTIVITY_EVIDENCE_SEARCHED_PUBLIC_FINDINGS_CROSSWALKED_SEPARATELY
315,0,0,0,0,False,ASSESSED_FROM_STABILIZED_FULL_FLYOUT_HTML,PRIVATE_LOCAL_ACTIVITY_EVIDENCE_SEARCHED_PUBLIC_FINDINGS_CROSSWALKED_SEPARATELY
316,2,1,1,0,False,ASSESSED_FROM_STABILIZED_FULL_FLYOUT_HTML,PRIVATE_LOCAL_ACTIVITY_EVIDENCE_SEARCHED_PUBLIC_FINDINGS_CROSSWALKED_SEPARATELY
317,0,0,0,0,False,ASSESSED_FROM_STABILIZED_FULL_FLYOUT_HTML,PRIVATE_LOCAL_ACTIVITY_EVIDENCE_SEARCHED_PUBLIC_FINDINGS_CROSSWALKED_SEPARATELY
318,2,1,1,0,False,ASSESSED_FROM_STABILIZED_FULL_FLYOUT_HTML,PRIVATE_LOCAL_ACTIVITY_EVIDENCE_SEARCHED_PUBLIC_FINDINGS_CROSSWALKED_SEPARATELY
319,0,0,0,0,False,ASSESSED_FROM_STABILIZED_FULL_FLYOUT_HTML,PRIVATE_LOCAL_ACTIVITY_EVIDENCE_SEARCHED_PUBLIC_FINDINGS_CROSSWALKED_SEPARATELY
320,0,0,0,0,False,ASSESSED_FROM_STABILIZED_FULL_FLYOUT_HTML,PRIVATE_LOCAL_ACTIVITY_EVIDENCE_SEARCHED_PUBLIC_FINDINGS_CROSSWALKED_SEPARATELY
321,0,0,0,0,False,ASSESSED_FROM_STABILIZED_FULL_FLYOUT_HTML,PRIVATE_LOCAL_ACTIVITY_EVIDENCE_SEARCHED_PUBLIC_FINDINGS_CROSSWALKED_SEPARATELY
322,1,1,0,0,False,ASSESSED_FROM_STABILIZED_FULL_FLYOUT_HTML,PRIVATE_LOCAL_ACTIVITY_EVIDENCE_SEARCHED_PUBLIC_FINDINGS_CROSSWALKED_SEPARATELY
323,0,0,0,0,False,ASSESSED_FROM_STABILIZED_FULL_FLYOUT_HTML,PRIVATE_LOCAL_ACTIVITY_EVIDENCE_SEARCHED_PUBLIC_FINDINGS_CROSSWALKED_SEPARATELY
324,2,1,1,0,False,ASSESSED_FROM_STABILIZED_FULL_FLYOUT_HTML,PRIVATE_LOCAL_ACTIVITY_EVIDENCE_SEARCHED_PUBLIC_FINDINGS_CROSSWALKED_SEPARATELY
325,2,1,1,0,False,ASSESSED_FROM_STABILIZED_FULL_FLYOUT_HTML,PRIVATE_LOCAL_ACTIVITY_EVIDENCE_SEARCHED_PUBLIC_FINDINGS_CROSSWALKED_SEPARATELY
326,0,0,0,0,False,ASSESSED_FROM_STABILIZED_FULL_FLYOUT_HTML,PRIVATE_LOCAL_ACTIVITY_EVIDENCE_SEARCHED_PUBLIC_FINDINGS_CROSSWALKED_SEPARATELY
327,2,1,1,0,False,ASSESSED_FROM_STABILIZED_FULL_FLYOUT_HTML,PRIVATE_LOCAL_ACTIVITY_EVIDENCE_SEARCHED_PUBLIC_FINDINGS_CROSSWALKED_SEPARATELY
328,0,0,0,0,False,ASSESSED_FROM_STABILIZED_FULL_FLYOUT_HTML,PRIVATE_LOCAL_ACTIVITY_EVIDENCE_SEARCHED_PUBLIC_FINDINGS_CROSSWALKED_SEPARATELY
329,30,1,29,0,True,ASSESSED_FROM_STABILIZED_FULL_FLYOUT_HTML,PRIVATE_LOCAL_ACTIVITY_EVIDENCE_SEARCHED_PUBLIC_FINDINGS_CROSSWALKED_SEPARATELY
330,2,1,1,0,False,ASSESSED_FROM_STABILIZED_FULL_FLYOUT_HTML,PRIVATE_LOCAL_ACTIVITY_EVIDENCE_SEARCHED_PUBLIC_FINDINGS_CROSSWALKED_SEPARATELY
331,2,1,1,0,False,ASSESSED_FROM_STABILIZED_FULL_FLYOUT_HTML,PRIVATE_LOCAL_ACTIVITY_EVIDENCE_SEARCHED_PUBLIC_FINDINGS_CROSSWALKED_SEPARATELY
332,2,1,1,0,False,ASSESSED_FROM_STABILIZED_FULL_FLYOUT_HTML,PRIVATE_LOCAL_ACTIVITY_EVIDENCE_SEARCHED_PUBLIC_FINDINGS_CROSSWALKED_SEPARATELY
333,2,1,1,0,False,ASSESSED_FROM_STABILIZED_FULL_FLYOUT_HTML,PRIVATE_LOCAL_ACTIVITY_EVIDENCE_SEARCHED_PUBLIC_FINDINGS_CROSSWALKED_SEPARATELY
334,2,1,1,0,False,ASSESSED_FROM_STABILIZED_FULL_FLYOUT_HTML,PRIVATE_LOCAL_ACTIVITY_EVIDENCE_SEARCHED_PUBLIC_FINDINGS_CROSSWALKED_SEPARATELY
335,2,1,1,0,False,ASSESSED_FROM_STABILIZED_FULL_FLYOUT_HTML,PRIVATE_LOCAL_ACTIVITY_EVIDENCE_SEARCHED_PUBLIC_FINDINGS_CROSSWALKED_SEPARATELY
336,2,1,1,0,False,ASSESSED_FROM_STABILIZED_FULL_FLYOUT_HTML,PRIVATE_LOCAL_ACTIVITY_EVIDENCE_SEARCHED_PUBLIC_FINDINGS_CROSSWALKED_SEPARATELY
337,2,1,1,2,True,ASSESSED_FROM_STABILIZED_FULL_FLYOUT_HTML,PRIVATE_LOCAL_ACTIVITY_EVIDENCE_SEARCHED_PUBLIC_FINDINGS_CROSSWALKED_SEPARATELY
338,2,1,1,0,False,ASSESSED_FROM_STABILIZED_FULL_FLYOUT_HTML,PRIVATE_LOCAL_ACTIVITY_EVIDENCE_SEARCHED_PUBLIC_FINDINGS_CROSSWALKED_SEPARATELY
339,2,1,1,0,False,ASSESSED_FROM_STABILIZED_FULL_FLYOUT_HTML,PRIVATE_LOCAL_ACTIVITY_EVIDENCE_SEARCHED_PUBLIC_FINDINGS_CROSSWALKED_SEPARATELY
340,2,1,1,0,False,ASSESSED_FROM_STABILIZED_FULL_FLYOUT_HTML,PRIVATE_LOCAL_ACTIVITY_EVIDENCE_SEARCHED_PUBLIC_FINDINGS_CROSSWALKED_SEPARATELY
341,1,1,0,0,False,ASSESSED_FROM_STABILIZED_FULL_FLYOUT_HTML,PRIVATE_LOCAL_ACTIVITY_EVIDENCE_SEARCHED_PUBLIC_FINDINGS_CROSSWALKED_SEPARATELY
342,2,1,1,0,False,ASSESSED_FROM_STABILIZED_FULL_FLYOUT_HTML,PRIVATE_LOCAL_ACTIVITY_EVIDENCE_SEARCHED_PUBLIC_FINDINGS_CROSSWALKED_SEPARATELY
343,2,1,1,0,False,ASSESSED_FROM_STABILIZED_FULL_FLYOUT_HTML,PRIVATE_LOCAL_ACTIVITY_EVIDENCE_SEARCHED_PUBLIC_FINDINGS_CROSSWALKED_SEPARATELY
344,2,1,1,0,False,ASSESSED_FROM_STABILIZED_FULL_FLYOUT_HTML,PRIVATE_LOCAL_ACTIVITY_EVIDENCE_SEARCHED_PUBLIC_FINDINGS_CROSSWALKED_SEPARATELY
345,0,0,0,0,False,ASSESSED_FROM_STABILIZED_FULL_FLYOUT_HTML,PRIVATE_LOCAL_ACTIVITY_EVIDENCE_SEARCHED_PUBLIC_FINDINGS_CROSSWALKED_SEPARATELY
346,2,1,1,0,False,ASSESSED_FROM_STABILIZED_FULL_FLYOUT_HTML,PRIVATE_LOCAL_ACTIVITY_EVIDENCE_SEARCHED_PUBLIC_FINDINGS_CROSSWALKED_SEPARATELY
347,2,1,1,0,False,ASSESSED_FROM_STABILIZED_FULL_FLYOUT_HTML,PRIVATE_LOCAL_ACTIVITY_EVIDENCE_SEARCHED_PUBLIC_FINDINGS_CROSSWALKED_SEPARATELY
348,1,1,0,0,False,ASSESSED_FROM_STABILIZED_FULL_FLYOUT_HTML,PRIVATE_LOCAL_ACTIVITY_EVIDENCE_SEARCHED_PUBLIC_FINDINGS_CROSSWALKED_SEPARATELY
349,0,0,0,0,False,ASSESSED_FROM_STABILIZED_FULL_FLYOUT_HTML,PRIVATE_LOCAL_ACTIVITY_EVIDENCE_SEARCHED_PUBLIC_FINDINGS_CROSSWALKED_SEPARATELY
350,14,1,13,0,True,ASSESSED_FROM_STABILIZED_FULL_FLYOUT_HTML,PRIVATE_LOCAL_ACTIVITY_EVIDENCE_SEARCHED_PUBLIC_FINDINGS_CROSSWALKED_SEPARATELY
351,2,1,1,0,False,ASSESSED_FROM_STABILIZED_FULL_FLYOUT_HTML,PRIVATE_LOCAL_ACTIVITY_EVIDENCE_SEARCHED_PUBLIC_FINDINGS_CROSSWALKED_SEPARATELY
352,2,1,1,1,True,ASSESSED_FROM_STABILIZED_FULL_FLYOUT_HTML,PRIVATE_LOCAL_ACTIVITY_EVIDENCE_SEARCHED_PUBLIC_FINDINGS_CROSSWALKED_SEPARATELY
353,2,1,1,0,False,ASSESSED_FROM_STABILIZED_FULL_FLYOUT_HTML,PRIVATE_LOCAL_ACTIVITY_EVIDENCE_SEARCHED_PUBLIC_FINDINGS_CROSSWALKED_SEPARATELY
354,0,0,0,0,False,ASSESSED_FROM_STABILIZED_FULL_FLYOUT_HTML,PRIVATE_LOCAL_ACTIVITY_EVIDENCE_SEARCHED_PUBLIC_FINDINGS_CROSSWALKED_SEPARATELY
355,0,0,0,0,False,ASSESSED_FROM_STABILIZED_FULL_FLYOUT_HTML,PRIVATE_LOCAL_ACTIVITY_EVIDENCE_SEARCHED_PUBLIC_FINDINGS_CROSSWALKED_SEPARATELY
356,2,1,1,0,False,ASSESSED_FROM_STABILIZED_FULL_FLYOUT_HTML,PRIVATE_LOCAL_ACTIVITY_EVIDENCE_SEARCHED_PUBLIC_FINDINGS_CROSSWALKED_SEPARATELY
357,0,0,0,0,False,ASSESSED_FROM_STABILIZED_FULL_FLYOUT_HTML,PRIVATE_LOCAL_ACTIVITY_EVIDENCE_SEARCHED_PUBLIC_FINDINGS_CROSSWALKED_SEPARATELY
358,15,1,14,0,True,ASSESSED_FROM_STABILIZED_FULL_FLYOUT_HTML,PRIVATE_LOCAL_ACTIVITY_EVIDENCE_SEARCHED_PUBLIC_FINDINGS_CROSSWALKED_SEPARATELY
359,0,0,0,0,False,ASSESSED_FROM_STABILIZED_FULL_FLYOUT_HTML,PRIVATE_LOCAL_ACTIVITY_EVIDENCE_SEARCHED_PUBLIC_FINDINGS_CROSSWALKED_SEPARATELY
360,1,1,0,0,False,ASSESSED_FROM_STABILIZED_FULL_FLYOUT_HTML,PRIVATE_LOCAL_ACTIVITY_EVIDENCE_SEARCHED_PUBLIC_FINDINGS_CROSSWALKED_SEPARATELY
361,0,0,0,0,False,ASSESSED_FROM_STABILIZED_FULL_FLYOUT_HTML,PRIVATE_LOCAL_ACTIVITY_EVIDENCE_SEARCHED_PUBLIC_FINDINGS_CROSSWALKED_SEPARATELY
362,2,1,1,0,False,ASSESSED_FROM_STABILIZED_FULL_FLYOUT_HTML,PRIVATE_LOCAL_ACTIVITY_EVIDENCE_SEARCHED_PUBLIC_FINDINGS_CROSSWALKED_SEPARATELY
363,2,1,1,0,False,ASSESSED_FROM_STABILIZED_FULL_FLYOUT_HTML,PRIVATE_LOCAL_ACTIVITY_EVIDENCE_SEARCHED_PUBLIC_FINDINGS_CROSSWALKED_SEPARATELY
364,2,1,1,0,False,ASSESSED_FROM_STABILIZED_FULL_FLYOUT_HTML,PRIVATE_LOCAL_ACTIVITY_EVIDENCE_SEARCHED_PUBLIC_FINDINGS_CROSSWALKED_SEPARATELY
365,2,1,1,0,False,ASSESSED_FROM_STABILIZED_FULL_FLYOUT_HTML,PRIVATE_LOCAL_ACTIVITY_EVIDENCE_SEARCHED_PUBLIC_FINDINGS_CROSSWALKED_SEPARATELY
366,0,0,0,0,False,ASSESSED_FROM_STABILIZED_FULL_FLYOUT_HTML,PRIVATE_LOCAL_ACTIVITY_EVIDENCE_SEARCHED_PUBLIC_FINDINGS_CROSSWALKED_SEPARATELY
367,2,1,1,0,False,ASSESSED_FROM_STABILIZED_FULL_FLYOUT_HTML,PRIVATE_LOCAL_ACTIVITY_EVIDENCE_SEARCHED_PUBLIC_FINDINGS_CROSSWALKED_SEPARATELY
368,0,0,0,0,False,ASSESSED_FROM_STABILIZED_FULL_FLYOUT_HTML,PRIVATE_LOCAL_ACTIVITY_EVIDENCE_SEARCHED_PUBLIC_FINDINGS_CROSSWALKED_SEPARATELY
369,17,1,16,1,True,ASSESSED_FROM_STABILIZED_FULL_FLYOUT_HTML,PRIVATE_LOCAL_ACTIVITY_EVIDENCE_SEARCHED_PUBLIC_FINDINGS_CROSSWALKED_SEPARATELY
370,5,1,4,0,True,ASSESSED_FROM_STABILIZED_FULL_FLYOUT_HTML,PRIVATE_LOCAL_ACTIVITY_EVIDENCE_SEARCHED_PUBLIC_FINDINGS_CROSSWALKED_SEPARATELY
371,6,1,5,0,True,ASSESSED_FROM_STABILIZED_FULL_FLYOUT_HTML,PRIVATE_LOCAL_ACTIVITY_EVIDENCE_SEARCHED_PUBLIC_FINDINGS_CROSSWALKED_SEPARATELY
372,0,0,0,0,False,ASSESSED_FROM_STABILIZED_FULL_FLYOUT_HTML,PRIVATE_LOCAL_ACTIVITY_EVIDENCE_SEARCHED_PUBLIC_FINDINGS_CROSSWALKED_SEPARATELY
373,19,1,18,0,True,ASSESSED_FROM_STABILIZED_FULL_FLYOUT_HTML,PRIVATE_LOCAL_ACTIVITY_EVIDENCE_SEARCHED_PUBLIC_FINDINGS_CROSSWALKED_SEPARATELY
374,5,1,4,0,True,ASSESSED_FROM_STABILIZED_FULL_FLYOUT_HTML,PRIVATE_LOCAL_ACTIVITY_EVIDENCE_SEARCHED_PUBLIC_FINDINGS_CROSSWALKED_SEPARATELY
375,2,1,1,0,False,ASSESSED_FROM_STABILIZED_FULL_FLYOUT_HTML,PRIVATE_LOCAL_ACTIVITY_EVIDENCE_SEARCHED_PUBLIC_FINDINGS_CROSSWALKED_SEPARATELY
376,0,0,0,0,False,ASSESSED_FROM_STABILIZED_FULL_FLYOUT_HTML,PRIVATE_LOCAL_ACTIVITY_EVIDENCE_SEARCHED_PUBLIC_FINDINGS_CROSSWALKED_SEPARATELY
377,9,1,8,0,True,ASSESSED_FROM_STABILIZED_FULL_FLYOUT_HTML,PRIVATE_LOCAL_ACTIVITY_EVIDENCE_SEARCHED_PUBLIC_FINDINGS_CROSSWALKED_SEPARATELY
378,2,1,1,0,False,ASSESSED_FROM_STABILIZED_FULL_FLYOUT_HTML,PRIVATE_LOCAL_ACTIVITY_EVIDENCE_SEARCHED_PUBLIC_FINDINGS_CROSSWALKED_SEPARATELY
379,2,1,1,0,False,ASSESSED_FROM_STABILIZED_FULL_FLYOUT_HTML,PRIVATE_LOCAL_ACTIVITY_EVIDENCE_SEARCHED_PUBLIC_FINDINGS_CROSSWALKED_SEPARATELY
380,2,1,1,0,False,ASSESSED_FROM_STABILIZED_FULL_FLYOUT_HTML,PRIVATE_LOCAL_ACTIVITY_EVIDENCE_SEARCHED_PUBLIC_FINDINGS_CROSSWALKED_SEPARATELY
381,2,1,1,0,True,ASSESSED_FROM_STABILIZED_FULL_FLYOUT_HTML,PRIVATE_LOCAL_ACTIVITY_EVIDENCE_SEARCHED_PUBLIC_FINDINGS_CROSSWALKED_SEPARATELY
382,14,1,13,0,True,ASSESSED_FROM_STABILIZED_FULL_FLYOUT_HTML,PRIVATE_LOCAL_ACTIVITY_EVIDENCE_SEARCHED_PUBLIC_FINDINGS_CROSSWALKED_SEPARATELY
383,2,1,1,0,False,ASSESSED_FROM_STABILIZED_FULL_FLYOUT_HTML,PRIVATE_LOCAL_ACTIVITY_EVIDENCE_SEARCHED_PUBLIC_FINDINGS_CROSSWALKED_SEPARATELY
384,2,1,1,1,True,ASSESSED_FROM_STABILIZED_FULL_FLYOUT_HTML,PRIVATE_LOCAL_ACTIVITY_EVIDENCE_SEARCHED_PUBLIC_FINDINGS_CROSSWALKED_SEPARATELY
385,12,1,11,0,True,ASSESSED_FROM_STABILIZED_FULL_FLYOUT_HTML,PRIVATE_LOCAL_ACTIVITY_EVIDENCE_SEARCHED_PUBLIC_FINDINGS_CROSSWALKED_SEPARATELY
386,0,0,0,0,False,ASSESSED_FROM_STABILIZED_FULL_FLYOUT_HTML,PRIVATE_LOCAL_ACTIVITY_EVIDENCE_SEARCHED_PUBLIC_FINDINGS_CROSSWALKED_SEPARATELY
387,2,1,1,0,False,ASSESSED_FROM_STABILIZED_FULL_FLYOUT_HTML,PRIVATE_LOCAL_ACTIVITY_EVIDENCE_SEARCHED_PUBLIC_FINDINGS_CROSSWALKED_SEPARATELY
388,2,1,1,0,False,ASSESSED_FROM_STABILIZED_FULL_FLYOUT_HTML,PRIVATE_LOCAL_ACTIVITY_EVIDENCE_SEARCHED_PUBLIC_FINDINGS_CROSSWALKED_SEPARATELY
389,2,1,1,0,True,ASSESSED_FROM_STABILIZED_FULL_FLYOUT_HTML,PRIVATE_LOCAL_ACTIVITY_EVIDENCE_SEARCHED_PUBLIC_FINDINGS_CROSSWALKED_SEPARATELY
390,2,1,1,0,False,ASSESSED_FROM_STABILIZED_FULL_FLYOUT_HTML,PRIVATE_LOCAL_ACTIVITY_EVIDENCE_SEARCHED_PUBLIC_FINDINGS_CROSSWALKED_SEPARATELY
391,2,1,1,0,False,ASSESSED_FROM_STABILIZED_FULL_FLYOUT_HTML,PRIVATE_LOCAL_ACTIVITY_EVIDENCE_SEARCHED_PUBLIC_FINDINGS_CROSSWALKED_SEPARATELY
392,2,1,1,1,True,ASSESSED_FROM_STABILIZED_FULL_FLYOUT_HTML,PRIVATE_LOCAL_ACTIVITY_EVIDENCE_SEARCHED_PUBLIC_FINDINGS_CROSSWALKED_SEPARATELY
393,2,1,1,0,False,ASSESSED_FROM_STABILIZED_FULL_FLYOUT_HTML,PRIVATE_LOCAL_ACTIVITY_EVIDENCE_SEARCHED_PUBLIC_FINDINGS_CROSSWALKED_SEPARATELY
394,2,1,1,1,True,ASSESSED_FROM_STABILIZED_FULL_FLYOUT_HTML,PRIVATE_LOCAL_ACTIVITY_EVIDENCE_SEARCHED_PUBLIC_FINDINGS_CROSSWALKED_SEPARATELY
395,8,1,7,0,True,ASSESSED_FROM_STABILIZED_FULL_FLYOUT_HTML,PRIVATE_LOCAL_ACTIVITY_EVIDENCE_SEARCHED_PUBLIC_FINDINGS_CROSSWALKED_SEPARATELY
396,2,1,1,2,True,ASSESSED_FROM_STABILIZED_FULL_FLYOUT_HTML,PRIVATE_LOCAL_ACTIVITY_EVIDENCE_SEARCHED_PUBLIC_FINDINGS_CROSSWALKED_SEPARATELY
397,6,1,5,0,True,ASSESSED_FROM_STABILIZED_FULL_FLYOUT_HTML,PRIVATE_LOCAL_ACTIVITY_EVIDENCE_SEARCHED_PUBLIC_FINDINGS_CROSSWALKED_SEPARATELY
398,4,1,3,1,True,ASSESSED_FROM_STABILIZED_FULL_FLYOUT_HTML,PRIVATE_LOCAL_ACTIVITY_EVIDENCE_SEARCHED_PUBLIC_FINDINGS_CROSSWALKED_SEPARATELY
399,2,1,1,2,True,ASSESSED_FROM_STABILIZED_FULL_FLYOUT_HTML,PRIVATE_LOCAL_ACTIVITY_EVIDENCE_SEARCHED_PUBLIC_FINDINGS_CROSSWALKED_SEPARATELY
400,5,1,4,0,True,ASSESSED_FROM_STABILIZED_FULL_FLYOUT_HTML,PRIVATE_LOCAL_ACTIVITY_EVIDENCE_SEARCHED_PUBLIC_FINDINGS_CROSSWALKED_SEPARATELY
401,2,1,1,0,False,ASSESSED_FROM_STABILIZED_FULL_FLYOUT_HTML,PRIVATE_LOCAL_ACTIVITY_EVIDENCE_SEARCHED_PUBLIC_FINDINGS_CROSSWALKED_SEPARATELY
402,2,1,1,1,True,ASSESSED_FROM_STABILIZED_FULL_FLYOUT_HTML,PRIVATE_LOCAL_ACTIVITY_EVIDENCE_SEARCHED_PUBLIC_FINDINGS_CROSSWALKED_SEPARATELY
403,0,0,0,0,False,ASSESSED_FROM_STABILIZED_FULL_FLYOUT_HTML,PRIVATE_LOCAL_ACTIVITY_EVIDENCE_SEARCHED_PUBLIC_FINDINGS_CROSSWALKED_SEPARATELY
404,2,1,1,0,False,ASSESSED_FROM_STABILIZED_FULL_FLYOUT_HTML,PRIVATE_LOCAL_ACTIVITY_EVIDENCE_SEARCHED_PUBLIC_FINDINGS_CROSSWALKED_SEPARATELY
405,0,0,0,0,False,ASSESSED_FROM_STABILIZED_FULL_FLYOUT_HTML,PRIVATE_LOCAL_ACTIVITY_EVIDENCE_SEARCHED_PUBLIC_FINDINGS_CROSSWALKED_SEPARATELY
406,2,1,1,0,False,ASSESSED_FROM_STABILIZED_FULL_FLYOUT_HTML,PRIVATE_LOCAL_ACTIVITY_EVIDENCE_SEARCHED_PUBLIC_FINDINGS_CROSSWALKED_SEPARATELY
407,2,1,1,0,True,ASSESSED_FROM_STABILIZED_FULL_FLYOUT_HTML,PRIVATE_LOCAL_ACTIVITY_EVIDENCE_SEARCHED_PUBLIC_FINDINGS_CROSSWALKED_SEPARATELY
408,2,1,1,0,False,ASSESSED_FROM_STABILIZED_FULL_FLYOUT_HTML,PRIVATE_LOCAL_ACTIVITY_EVIDENCE_SEARCHED_PUBLIC_FINDINGS_CROSSWALKED_SEPARATELY
409,0,0,0,0,False,ASSESSED_FROM_STABILIZED_FULL_FLYOUT_HTML,PRIVATE_LOCAL_ACTIVITY_EVIDENCE_SEARCHED_PUBLIC_FINDINGS_CROSSWALKED_SEPARATELY
410,2,1,1,0,False,ASSESSED_FROM_STABILIZED_FULL_FLYOUT_HTML,PRIVATE_LOCAL_ACTIVITY_EVIDENCE_SEARCHED_PUBLIC_FINDINGS_CROSSWALKED_SEPARATELY
411,2,1,1,0,False,ASSESSED_FROM_STABILIZED_FULL_FLYOUT_HTML,PRIVATE_LOCAL_ACTIVITY_EVIDENCE_SEARCHED_PUBLIC_FINDINGS_CROSSWALKED_SEPARATELY
412,2,1,1,0,True,ASSESSED_FROM_STABILIZED_FULL_FLYOUT_HTML,PRIVATE_LOCAL_ACTIVITY_EVIDENCE_SEARCHED_PUBLIC_FINDINGS_CROSSWALKED_SEPARATELY
413,2,1,1,0,False,ASSESSED_FROM_STABILIZED_FULL_FLYOUT_HTML,PRIVATE_LOCAL_ACTIVITY_EVIDENCE_SEARCHED_PUBLIC_FINDINGS_CROSSWALKED_SEPARATELY
414,2,1,1,0,False,ASSESSED_FROM_STABILIZED_FULL_FLYOUT_HTML,PRIVATE_LOCAL_ACTIVITY_EVIDENCE_SEARCHED_PUBLIC_FINDINGS_CROSSWALKED_SEPARATELY
415,2,1,1,0,False,ASSESSED_FROM_STABILIZED_FULL_FLYOUT_HTML,PRIVATE_LOCAL_ACTIVITY_EVIDENCE_SEARCHED_PUBLIC_FINDINGS_CROSSWALKED_SEPARATELY
416,0,0,0,0,False,ASSESSED_FROM_STABILIZED_FULL_FLYOUT_HTML,PRIVATE_LOCAL_ACTIVITY_EVIDENCE_SEARCHED_PUBLIC_FINDINGS_CROSSWALKED_SEPARATELY
417,2,1,1,0,False,ASSESSED_FROM_STABILIZED_FULL_FLYOUT_HTML,PRIVATE_LOCAL_ACTIVITY_EVIDENCE_SEARCHED_PUBLIC_FINDINGS_CROSSWALKED_SEPARATELY
418,2,1,1,0,False,ASSESSED_FROM_STABILIZED_FULL_FLYOUT_HTML,PRIVATE_LOCAL_ACTIVITY_EVIDENCE_SEARCHED_PUBLIC_FINDINGS_CROSSWALKED_SEPARATELY
419,0,0,0,0,False,ASSESSED_FROM_STABILIZED_FULL_FLYOUT_HTML,PRIVATE_LOCAL_ACTIVITY_EVIDENCE_SEARCHED_PUBLIC_FINDINGS_CROSSWALKED_SEPARATELY
420,2,1,1,0,False,ASSESSED_FROM_STABILIZED_FULL_FLYOUT_HTML,PRIVATE_LOCAL_ACTIVITY_EVIDENCE_SEARCHED_PUBLIC_FINDINGS_CROSSWALKED_SEPARATELY
421,2,1,1,0,False,ASSESSED_FROM_STABILIZED_FULL_FLYOUT_HTML,PRIVATE_LOCAL_ACTIVITY_EVIDENCE_SEARCHED_PUBLIC_FINDINGS_CROSSWALKED_SEPARATELY
422,2,1,1,0,False,ASSESSED_FROM_STABILIZED_FULL_FLYOUT_HTML,PRIVATE_LOCAL_ACTIVITY_EVIDENCE_SEARCHED_PUBLIC_FINDINGS_CROSSWALKED_SEPARATELY
423,0,0,0,0,False,ASSESSED_FROM_STABILIZED_FULL_FLYOUT_HTML,PRIVATE_LOCAL_ACTIVITY_EVIDENCE_SEARCHED_PUBLIC_FINDINGS_CROSSWALKED_SEPARATELY
424,2,1,1,0,False,ASSESSED_FROM_STABILIZED_FULL_FLYOUT_HTML,PRIVATE_LOCAL_ACTIVITY_EVIDENCE_SEARCHED_PUBLIC_FINDINGS_CROSSWALKED_SEPARATELY
425,0,0,0,0,False,ASSESSED_FROM_STABILIZED_FULL_FLYOUT_HTML,PRIVATE_LOCAL_ACTIVITY_EVIDENCE_SEARCHED_PUBLIC_FINDINGS_CROSSWALKED_SEPARATELY
426,1,1,0,0,False,ASSESSED_FROM_STABILIZED_FULL_FLYOUT_HTML,PRIVATE_LOCAL_ACTIVITY_EVIDENCE_SEARCHED_PUBLIC_FINDINGS_CROSSWALKED_SEPARATELY
427,0,0,0,0,False,ASSESSED_FROM_STABILIZED_FULL_FLYOUT_HTML,PRIVATE_LOCAL_ACTIVITY_EVIDENCE_SEARCHED_PUBLIC_FINDINGS_CROSSWALKED_SEPARATELY
428,0,0,0,0,False,ASSESSED_FROM_STABILIZED_FULL_FLYOUT_HTML,PRIVATE_LOCAL_ACTIVITY_EVIDENCE_SEARCHED_PUBLIC_FINDINGS_CROSSWALKED_SEPARATELY
429,24,1,23,0,True,ASSESSED_FROM_STABILIZED_FULL_FLYOUT_HTML,PRIVATE_LOCAL_ACTIVITY_EVIDENCE_SEARCHED_PUBLIC_FINDINGS_CROSSWALKED_SEPARATELY
430,2,1,1,0,False,ASSESSED_FROM_STABILIZED_FULL_FLYOUT_HTML,PRIVATE_LOCAL_ACTIVITY_EVIDENCE_SEARCHED_PUBLIC_FINDINGS_CROSSWALKED_SEPARATELY
431,0,0,0,0,False,ASSESSED_FROM_STABILIZED_FULL_FLYOUT_HTML,PRIVATE_LOCAL_ACTIVITY_EVIDENCE_SEARCHED_PUBLIC_FINDINGS_CROSSWALKED_SEPARATELY
432,2,1,1,0,True,ASSESSED_FROM_STABILIZED_FULL_FLYOUT_HTML,PRIVATE_LOCAL_ACTIVITY_EVIDENCE_SEARCHED_PUBLIC_FINDINGS_CROSSWALKED_SEPARATELY
433,0,0,0,0,False,ASSESSED_FROM_STABILIZED_FULL_FLYOUT_HTML,PRIVATE_LOCAL_ACTIVITY_EVIDENCE_SEARCHED_PUBLIC_FINDINGS_CROSSWALKED_SEPARATELY
434,2,1,1,0,False,ASSESSED_FROM_STABILIZED_FULL_FLYOUT_HTML,PRIVATE_LOCAL_ACTIVITY_EVIDENCE_SEARCHED_PUBLIC_FINDINGS_CROSSWALKED_SEPARATELY
435,1,1,0,0,False,ASSESSED_FROM_STABILIZED_FULL_FLYOUT_HTML,PRIVATE_LOCAL_ACTIVITY_EVIDENCE_SEARCHED_PUBLIC_FINDINGS_CROSSWALKED_SEPARATELY
436,0,0,0,0,False,ASSESSED_FROM_STABILIZED_FULL_FLYOUT_HTML,PRIVATE_LOCAL_ACTIVITY_EVIDENCE_SEARCHED_PUBLIC_FINDINGS_CROSSWALKED_SEPARATELY
437,13,1,12,0,True,ASSESSED_FROM_STABILIZED_FULL_FLYOUT_HTML,PRIVATE_LOCAL_ACTIVITY_EVIDENCE_SEARCHED_PUBLIC_FINDINGS_CROSSWALKED_SEPARATELY
438,2,1,1,0,False,ASSESSED_FROM_STABILIZED_FULL_FLYOUT_HTML,PRIVATE_LOCAL_ACTIVITY_EVIDENCE_SEARCHED_PUBLIC_FINDINGS_CROSSWALKED_SEPARATELY
439,10,1,9,0,True,ASSESSED_FROM_STABILIZED_FULL_FLYOUT_HTML,PRIVATE_LOCAL_ACTIVITY_EVIDENCE_SEARCHED_PUBLIC_FINDINGS_CROSSWALKED_SEPARATELY
440,2,1,1,0,False,ASSESSED_FROM_STABILIZED_FULL_FLYOUT_HTML,PRIVATE_LOCAL_ACTIVITY_EVIDENCE_SEARCHED_PUBLIC_FINDINGS_CROSSWALKED_SEPARATELY
441,5,1,4,0,True,ASSESSED_FROM_STABILIZED_FULL_FLYOUT_HTML,PRIVATE_LOCAL_ACTIVITY_EVIDENCE_SEARCHED_PUBLIC_FINDINGS_CROSSWALKED_SEPARATELY
442,0,0,0,0,False,ASSESSED_FROM_STABILIZED_FULL_FLYOUT_HTML,PRIVATE_LOCAL_ACTIVITY_EVIDENCE_SEARCHED_PUBLIC_FINDINGS_CROSSWALKED_SEPARATELY
443,0,0,0,0,False,ASSESSED_FROM_STABILIZED_FULL_FLYOUT_HTML,PRIVATE_LOCAL_ACTIVITY_EVIDENCE_SEARCHED_PUBLIC_FINDINGS_CROSSWALKED_SEPARATELY
444,0,0,0,0,False,ASSESSED_FROM_STABILIZED_FULL_FLYOUT_HTML,PRIVATE_LOCAL_ACTIVITY_EVIDENCE_SEARCHED_PUBLIC_FINDINGS_CROSSWALKED_SEPARATELY
445,0,0,0,0,False,ASSESSED_FROM_STABILIZED_FULL_FLYOUT_HTML,PRIVATE_LOCAL_ACTIVITY_EVIDENCE_SEARCHED_PUBLIC_FINDINGS_CROSSWALKED_SEPARATELY
446,2,1,1,0,False,ASSESSED_FROM_STABILIZED_FULL_FLYOUT_HTML,PRIVATE_LOCAL_ACTIVITY_EVIDENCE_SEARCHED_PUBLIC_FINDINGS_CROSSWALKED_SEPARATELY
447,0,0,0,0,False,ASSESSED_FROM_STABILIZED_FULL_FLYOUT_HTML,PRIVATE_LOCAL_ACTIVITY_EVIDENCE_SEARCHED_PUBLIC_FINDINGS_CROSSWALKED_SEPARATELY
448,0,0,0,0,False,ASSESSED_FROM_STABILIZED_FULL_FLYOUT_HTML,PRIVATE_LOCAL_ACTIVITY_EVIDENCE_SEARCHED_PUBLIC_FINDINGS_CROSSWALKED_SEPARATELY
449,2,1,1,0,False,ASSESSED_FROM_STABILIZED_FULL_FLYOUT_HTML,PRIVATE_LOCAL_ACTIVITY_EVIDENCE_SEARCHED_PUBLIC_FINDINGS_CROSSWALKED_SEPARATELY
450,0,0,0,0,False,ASSESSED_FROM_STABILIZED_FULL_FLYOUT_HTML,PRIVATE_LOCAL_ACTIVITY_EVIDENCE_SEARCHED_PUBLIC_FINDINGS_CROSSWALKED_SEPARATELY
451,2,1,1,0,False,ASSESSED_FROM_STABILIZED_FULL_FLYOUT_HTML,PRIVATE_LOCAL_ACTIVITY_EVIDENCE_SEARCHED_PUBLIC_FINDINGS_CROSSWALKED_SEPARATELY
452,2,1,1,0,False,ASSESSED_FROM_STABILIZED_FULL_FLYOUT_HTML,PRIVATE_LOCAL_ACTIVITY_EVIDENCE_SEARCHED_PUBLIC_FINDINGS_CROSSWALKED_SEPARATELY
453,0,0,0,0,False,ASSESSED_FROM_STABILIZED_FULL_FLYOUT_HTML,PRIVATE_LOCAL_ACTIVITY_EVIDENCE_SEARCHED_PUBLIC_FINDINGS_CROSSWALKED_SEPARATELY
454,2,1,1,0,False,ASSESSED_FROM_STABILIZED_FULL_FLYOUT_HTML,PRIVATE_LOCAL_ACTIVITY_EVIDENCE_SEARCHED_PUBLIC_FINDINGS_CROSSWALKED_SEPARATELY
455,0,0,0,0,False,ASSESSED_FROM_STABILIZED_FULL_FLYOUT_HTML,PRIVATE_LOCAL_ACTIVITY_EVIDENCE_SEARCHED_PUBLIC_FINDINGS_CROSSWALKED_SEPARATELY
456,18,1,17,0,True,ASSESSED_FROM_STABILIZED_FULL_FLYOUT_HTML,PRIVATE_LOCAL_ACTIVITY_EVIDENCE_SEARCHED_PUBLIC_FINDINGS_CROSSWALKED_SEPARATELY
457,2,1,1,0,False,ASSESSED_FROM_STABILIZED_FULL_FLYOUT_HTML,PRIVATE_LOCAL_ACTIVITY_EVIDENCE_SEARCHED_PUBLIC_FINDINGS_CROSSWALKED_SEPARATELY
458,0,0,0,0,False,ASSESSED_FROM_STABILIZED_FULL_FLYOUT_HTML,PRIVATE_LOCAL_ACTIVITY_EVIDENCE_SEARCHED_PUBLIC_FINDINGS_CROSSWALKED_SEPARATELY
459,2,1,1,0,False,ASSESSED_FROM_STABILIZED_FULL_FLYOUT_HTML,PRIVATE_LOCAL_ACTIVITY_EVIDENCE_SEARCHED_PUBLIC_FINDINGS_CROSSWALKED_SEPARATELY
460,2,1,1,0,False,ASSESSED_FROM_STABILIZED_FULL_FLYOUT_HTML,PRIVATE_LOCAL_ACTIVITY_EVIDENCE_SEARCHED_PUBLIC_FINDINGS_CROSSWALKED_SEPARATELY
461,2,1,1,0,True,ASSESSED_FROM_STABILIZED_FULL_FLYOUT_HTML,PRIVATE_LOCAL_ACTIVITY_EVIDENCE_SEARCHED_PUBLIC_FINDINGS_CROSSWALKED_SEPARATELY
462,12,1,11,0,True,ASSESSED_FROM_STABILIZED_FULL_FLYOUT_HTML,PRIVATE_LOCAL_ACTIVITY_EVIDENCE_SEARCHED_PUBLIC_FINDINGS_CROSSWALKED_SEPARATELY
463,2,1,1,0,True,ASSESSED_FROM_STABILIZED_FULL_FLYOUT_HTML,PRIVATE_LOCAL_ACTIVITY_EVIDENCE_SEARCHED_PUBLIC_FINDINGS_CROSSWALKED_SEPARATELY
464,8,1,7,0,True,ASSESSED_FROM_STABILIZED_FULL_FLYOUT_HTML,PRIVATE_LOCAL_ACTIVITY_EVIDENCE_SEARCHED_PUBLIC_FINDINGS_CROSSWALKED_SEPARATELY
465,2,1,1,0,False,ASSESSED_FROM_STABILIZED_FULL_FLYOUT_HTML,PRIVATE_LOCAL_ACTIVITY_EVIDENCE_SEARCHED_PUBLIC_FINDINGS_CROSSWALKED_SEPARATELY
466,2,1,1,0,False,ASSESSED_FROM_STABILIZED_FULL_FLYOUT_HTML,PRIVATE_LOCAL_ACTIVITY_EVIDENCE_SEARCHED_PUBLIC_FINDINGS_CROSSWALKED_SEPARATELY
467,2,1,1,0,True,ASSESSED_FROM_STABILIZED_FULL_FLYOUT_HTML,PRIVATE_LOCAL_ACTIVITY_EVIDENCE_SEARCHED_PUBLIC_FINDINGS_CROSSWALKED_SEPARATELY
468,2,1,1,0,True,ASSESSED_FROM_STABILIZED_FULL_FLYOUT_HTML,PRIVATE_LOCAL_ACTIVITY_EVIDENCE_SEARCHED_PUBLIC_FINDINGS_CROSSWALKED_SEPARATELY
469,2,1,1,0,True,ASSESSED_FROM_STABILIZED_FULL_FLYOUT_HTML,PRIVATE_LOCAL_ACTIVITY_EVIDENCE_SEARCHED_PUBLIC_FINDINGS_CROSSWALKED_SEPARATELY
470,2,1,1,0,False,ASSESSED_FROM_STABILIZED_FULL_FLYOUT_HTML,PRIVATE_LOCAL_ACTIVITY_EVIDENCE_SEARCHED_PUBLIC_FINDINGS_CROSSWALKED_SEPARATELY
471,1,1,0,0,False,ASSESSED_FROM_STABILIZED_FULL_FLYOUT_HTML,PRIVATE_LOCAL_ACTIVITY_EVIDENCE_SEARCHED_PUBLIC_FINDINGS_CROSSWALKED_SEPARATELY
472,2,1,1,0,False,ASSESSED_FROM_STABILIZED_FULL_FLYOUT_HTML,PRIVATE_LOCAL_ACTIVITY_EVIDENCE_SEARCHED_PUBLIC_FINDINGS_CROSSWALKED_SEPARATELY
473,2,1,1,0,False,ASSESSED_FROM_STABILIZED_FULL_FLYOUT_HTML,PRIVATE_LOCAL_ACTIVITY_EVIDENCE_SEARCHED_PUBLIC_FINDINGS_CROSSWALKED_SEPARATELY
474,2,1,1,0,False,ASSESSED_FROM_STABILIZED_FULL_FLYOUT_HTML,PRIVATE_LOCAL_ACTIVITY_EVIDENCE_SEARCHED_PUBLIC_FINDINGS_CROSSWALKED_SEPARATELY
475,2,1,1,0,False,ASSESSED_FROM_STABILIZED_FULL_FLYOUT_HTML,PRIVATE_LOCAL_ACTIVITY_EVIDENCE_SEARCHED_PUBLIC_FINDINGS_CROSSWALKED_SEPARATELY
476,0,0,0,0,False,ASSESSED_FROM_STABILIZED_FULL_FLYOUT_HTML,PRIVATE_LOCAL_ACTIVITY_EVIDENCE_SEARCHED_PUBLIC_FINDINGS_CROSSWALKED_SEPARATELY
477,0,0,0,0,False,ASSESSED_FROM_STABILIZED_FULL_FLYOUT_HTML,PRIVATE_LOCAL_ACTIVITY_EVIDENCE_SEARCHED_PUBLIC_FINDINGS_CROSSWALKED_SEPARATELY
478,2,1,1,0,False,ASSESSED_FROM_STABILIZED_FULL_FLYOUT_HTML,PRIVATE_LOCAL_ACTIVITY_EVIDENCE_SEARCHED_PUBLIC_FINDINGS_CROSSWALKED_SEPARATELY
479,2,1,1,0,False,ASSESSED_FROM_STABILIZED_FULL_FLYOUT_HTML,PRIVATE_LOCAL_ACTIVITY_EVIDENCE_SEARCHED_PUBLIC_FINDINGS_CROSSWALKED_SEPARATELY
480,0,0,0,0,False,ASSESSED_FROM_STABILIZED_FULL_FLYOUT_HTML,PRIVATE_LOCAL_ACTIVITY_EVIDENCE_SEARCHED_PUBLIC_FINDINGS_CROSSWALKED_SEPARATELY
481,26,1,25,0,True,ASSESSED_FROM_STABILIZED_FULL_FLYOUT_HTML,PRIVATE_LOCAL_ACTIVITY_EVIDENCE_SEARCHED_PUBLIC_FINDINGS_CROSSWALKED_SEPARATELY
482,0,0,0,0,False,ASSESSED_FROM_STABILIZED_FULL_FLYOUT_HTML,PRIVATE_LOCAL_ACTIVITY_EVIDENCE_SEARCHED_PUBLIC_FINDINGS_CROSSWALKED_SEPARATELY
483,2,1,1,2,True,ASSESSED_FROM_STABILIZED_FULL_FLYOUT_HTML,PRIVATE_LOCAL_ACTIVITY_EVIDENCE_SEARCHED_PUBLIC_FINDINGS_CROSSWALKED_SEPARATELY
484,0,0,0,0,False,ASSESSED_FROM_STABILIZED_FULL_FLYOUT_HTML,PRIVATE_LOCAL_ACTIVITY_EVIDENCE_SEARCHED_PUBLIC_FINDINGS_CROSSWALKED_SEPARATELY
485,2,1,1,0,False,ASSESSED_FROM_STABILIZED_FULL_FLYOUT_HTML,PRIVATE_LOCAL_ACTIVITY_EVIDENCE_SEARCHED_PUBLIC_FINDINGS_CROSSWALKED_SEPARATELY
486,1,1,0,1,True,ASSESSED_FROM_STABILIZED_FULL_FLYOUT_HTML,PRIVATE_LOCAL_ACTIVITY_EVIDENCE_SEARCHED_PUBLIC_FINDINGS_CROSSWALKED_SEPARATELY
487,0,0,0,0,False,ASSESSED_FROM_STABILIZED_FULL_FLYOUT_HTML,PRIVATE_LOCAL_ACTIVITY_EVIDENCE_SEARCHED_PUBLIC_FINDINGS_CROSSWALKED_SEPARATELY
488,2,1,1,0,False,ASSESSED_FROM_STABILIZED_FULL_FLYOUT_HTML,PRIVATE_LOCAL_ACTIVITY_EVIDENCE_SEARCHED_PUBLIC_FINDINGS_CROSSWALKED_SEPARATELY
489,0,0,0,0,False,ASSESSED_FROM_STABILIZED_FULL_FLYOUT_HTML,PRIVATE_LOCAL_ACTIVITY_EVIDENCE_SEARCHED_PUBLIC_FINDINGS_CROSSWALKED_SEPARATELY
490,0,0,0,0,False,ASSESSED_FROM_STABILIZED_FULL_FLYOUT_HTML,PRIVATE_LOCAL_ACTIVITY_EVIDENCE_SEARCHED_PUBLIC_FINDINGS_CROSSWALKED_SEPARATELY
491,2,1,1,0,False,ASSESSED_FROM_STABILIZED_FULL_FLYOUT_HTML,PRIVATE_LOCAL_ACTIVITY_EVIDENCE_SEARCHED_PUBLIC_FINDINGS_CROSSWALKED_SEPARATELY
492,2,1,1,0,False,ASSESSED_FROM_STABILIZED_FULL_FLYOUT_HTML,PRIVATE_LOCAL_ACTIVITY_EVIDENCE_SEARCHED_PUBLIC_FINDINGS_CROSSWALKED_SEPARATELY
493,2,1,1,0,False,ASSESSED_FROM_STABILIZED_FULL_FLYOUT_HTML,PRIVATE_LOCAL_ACTIVITY_EVIDENCE_SEARCHED_PUBLIC_FINDINGS_CROSSWALKED_SEPARATELY
494,2,1,1,0,False,ASSESSED_FROM_STABILIZED_FULL_FLYOUT_HTML,PRIVATE_LOCAL_ACTIVITY_EVIDENCE_SEARCHED_PUBLIC_FINDINGS_CROSSWALKED_SEPARATELY
495,25,1,24,0,True,ASSESSED_FROM_STABILIZED_FULL_FLYOUT_HTML,PRIVATE_LOCAL_ACTIVITY_EVIDENCE_SEARCHED_PUBLIC_FINDINGS_CROSSWALKED_SEPARATELY
496,2,1,1,0,False,ASSESSED_FROM_STABILIZED_FULL_FLYOUT_HTML,PRIVATE_LOCAL_ACTIVITY_EVIDENCE_SEARCHED_PUBLIC_FINDINGS_CROSSWALKED_SEPARATELY
497,2,1,1,0,False,ASSESSED_FROM_STABILIZED_FULL_FLYOUT_HTML,PRIVATE_LOCAL_ACTIVITY_EVIDENCE_SEARCHED_PUBLIC_FINDINGS_CROSSWALKED_SEPARATELY
498,1,1,0,0,True,ASSESSED_FROM_STABILIZED_FULL_FLYOUT_HTML,PRIVATE_LOCAL_ACTIVITY_EVIDENCE_SEARCHED_PUBLIC_FINDINGS_CROSSWALKED_SEPARATELY
499,0,0,0,0,False,ASSESSED_FROM_STABILIZED_FULL_FLYOUT_HTML,PRIVATE_LOCAL_ACTIVITY_EVIDENCE_SEARCHED_PUBLIC_FINDINGS_CROSSWALKED_SEPARATELY
500,2,1,1,0,False,ASSESSED_FROM_STABILIZED_FULL_FLYOUT_HTML,PRIVATE_LOCAL_ACTIVITY_EVIDENCE_SEARCHED_PUBLIC_FINDINGS_CROSSWALKED_SEPARATELY
501,2,1,1,0,False,ASSESSED_FROM_STABILIZED_FULL_FLYOUT_HTML,PRIVATE_LOCAL_ACTIVITY_EVIDENCE_SEARCHED_PUBLIC_FINDINGS_CROSSWALKED_SEPARATELY
502,2,1,1,0,True,ASSESSED_FROM_STABILIZED_FULL_FLYOUT_HTML,PRIVATE_LOCAL_ACTIVITY_EVIDENCE_SEARCHED_PUBLIC_FINDINGS_CROSSWALKED_SEPARATELY
503,2,1,1,0,True,ASSESSED_FROM_STABILIZED_FULL_FLYOUT_HTML,PRIVATE_LOCAL_ACTIVITY_EVIDENCE_SEARCHED_PUBLIC_FINDINGS_CROSSWALKED_SEPARATELY
504,2,1,1,0,False,ASSESSED_FROM_STABILIZED_FULL_FLYOUT_HTML,PRIVATE_LOCAL_ACTIVITY_EVIDENCE_SEARCHED_PUBLIC_FINDINGS_CROSSWALKED_SEPARATELY
505,2,1,1,0,True,ASSESSED_FROM_STABILIZED_FULL_FLYOUT_HTML,PRIVATE_LOCAL_ACTIVITY_EVIDENCE_SEARCHED_PUBLIC_FINDINGS_CROSSWALKED_SEPARATELY
506,2,1,1,0,True,ASSESSED_FROM_STABILIZED_FULL_FLYOUT_HTML,PRIVATE_LOCAL_ACTIVITY_EVIDENCE_SEARCHED_PUBLIC_FINDINGS_CROSSWALKED_SEPARATELY
507,2,1,1,0,True,ASSESSED_FROM_STABILIZED_FULL_FLYOUT_HTML,PRIVATE_LOCAL_ACTIVITY_EVIDENCE_SEARCHED_PUBLIC_FINDINGS_CROSSWALKED_SEPARATELY
508,2,1,1,0,True,ASSESSED_FROM_STABILIZED_FULL_FLYOUT_HTML,PRIVATE_LOCAL_ACTIVITY_EVIDENCE_SEARCHED_PUBLIC_FINDINGS_CROSSWALKED_SEPARATELY
509,2,1,1,0,True,ASSESSED_FROM_STABILIZED_FULL_FLYOUT_HTML,PRIVATE_LOCAL_ACTIVITY_EVIDENCE_SEARCHED_PUBLIC_FINDINGS_CROSSWALKED_SEPARATELY
510,2,1,1,0,True,ASSESSED_FROM_STABILIZED_FULL_FLYOUT_HTML,PRIVATE_LOCAL_ACTIVITY_EVIDENCE_SEARCHED_PUBLIC_FINDINGS_CROSSWALKED_SEPARATELY
511,2,1,1,0,False,ASSESSED_FROM_STABILIZED_FULL_FLYOUT_HTML,PRIVATE_LOCAL_ACTIVITY_EVIDENCE_SEARCHED_PUBLIC_FINDINGS_CROSSWALKED_SEPARATELY
512,2,1,1,0,True,ASSESSED_FROM_STABILIZED_FULL_FLYOUT_HTML,PRIVATE_LOCAL_ACTIVITY_EVIDENCE_SEARCHED_PUBLIC_FINDINGS_CROSSWALKED_SEPARATELY
513,2,1,1,0,False,ASSESSED_FROM_STABILIZED_FULL_FLYOUT_HTML,PRIVATE_LOCAL_ACTIVITY_EVIDENCE_SEARCHED_PUBLIC_FINDINGS_CROSSWALKED_SEPARATELY
514,2,1,1,0,True,ASSESSED_FROM_STABILIZED_FULL_FLYOUT_HTML,PRIVATE_LOCAL_ACTIVITY_EVIDENCE_SEARCHED_PUBLIC_FINDINGS_CROSSWALKED_SEPARATELY
515,2,1,1,0,True,ASSESSED_FROM_STABILIZED_FULL_FLYOUT_HTML,PRIVATE_LOCAL_ACTIVITY_EVIDENCE_SEARCHED_PUBLIC_FINDINGS_CROSSWALKED_SEPARATELY
516,2,1,1,0,True,ASSESSED_FROM_STABILIZED_FULL_FLYOUT_HTML,PRIVATE_LOCAL_ACTIVITY_EVIDENCE_SEARCHED_PUBLIC_FINDINGS_CROSSWALKED_SEPARATELY
517,2,1,1,0,False,ASSESSED_FROM_STABILIZED_FULL_FLYOUT_HTML,PRIVATE_LOCAL_ACTIVITY_EVIDENCE_SEARCHED_PUBLIC_FINDINGS_CROSSWALKED_SEPARATELY
518,2,1,1,0,False,ASSESSED_FROM_STABILIZED_FULL_FLYOUT_HTML,PRIVATE_LOCAL_ACTIVITY_EVIDENCE_SEARCHED_PUBLIC_FINDINGS_CROSSWALKED_SEPARATELY
519,2,1,1,0,False,ASSESSED_FROM_STABILIZED_FULL_FLYOUT_HTML,PRIVATE_LOCAL_ACTIVITY_EVIDENCE_SEARCHED_PUBLIC_FINDINGS_CROSSWALKED_SEPARATELY
520,2,1,1,0,True,ASSESSED_FROM_STABILIZED_FULL_FLYOUT_HTML,PRIVATE_LOCAL_ACTIVITY_EVIDENCE_SEARCHED_PUBLIC_FINDINGS_CROSSWALKED_SEPARATELY
521,2,1,1,0,False,ASSESSED_FROM_STABILIZED_FULL_FLYOUT_HTML,PRIVATE_LOCAL_ACTIVITY_EVIDENCE_SEARCHED_PUBLIC_FINDINGS_CROSSWALKED_SEPARATELY
522,0,0,0,0,False,ASSESSED_FROM_STABILIZED_FULL_FLYOUT_HTML,PRIVATE_LOCAL_ACTIVITY_EVIDENCE_SEARCHED_PUBLIC_FINDINGS_CROSSWALKED_SEPARATELY
523,2,1,1,0,False,ASSESSED_FROM_STABILIZED_FULL_FLYOUT_HTML,PRIVATE_LOCAL_ACTIVITY_EVIDENCE_SEARCHED_PUBLIC_FINDINGS_CROSSWALKED_SEPARATELY
524,2,1,1,0,False,ASSESSED_FROM_STABILIZED_FULL_FLYOUT_HTML,PRIVATE_LOCAL_ACTIVITY_EVIDENCE_SEARCHED_PUBLIC_FINDINGS_CROSSWALKED_SEPARATELY
525,0,0,0,0,False,ASSESSED_FROM_STABILIZED_FULL_FLYOUT_HTML,PRIVATE_LOCAL_ACTIVITY_EVIDENCE_SEARCHED_PUBLIC_FINDINGS_CROSSWALKED_SEPARATELY
526,1,1,0,0,False,ASSESSED_FROM_STABILIZED_FULL_FLYOUT_HTML,PRIVATE_LOCAL_ACTIVITY_EVIDENCE_SEARCHED_PUBLIC_FINDINGS_CROSSWALKED_SEPARATELY
527,0,0,0,0,False,ASSESSED_FROM_STABILIZED_FULL_FLYOUT_HTML,PRIVATE_LOCAL_ACTIVITY_EVIDENCE_SEARCHED_PUBLIC_FINDINGS_CROSSWALKED_SEPARATELY
528,5,1,4,0,True,ASSESSED_FROM_STABILIZED_FULL_FLYOUT_HTML,PRIVATE_LOCAL_ACTIVITY_EVIDENCE_SEARCHED_PUBLIC_FINDINGS_CROSSWALKED_SEPARATELY
529,2,1,1,0,False,ASSESSED_FROM_STABILIZED_FULL_FLYOUT_HTML,PRIVATE_LOCAL_ACTIVITY_EVIDENCE_SEARCHED_PUBLIC_FINDINGS_CROSSWALKED_SEPARATELY
530,0,0,0,0,False,ASSESSED_FROM_STABILIZED_FULL_FLYOUT_HTML,PRIVATE_LOCAL_ACTIVITY_EVIDENCE_SEARCHED_PUBLIC_FINDINGS_CROSSWALKED_SEPARATELY
531,2,1,1,0,False,ASSESSED_FROM_STABILIZED_FULL_FLYOUT_HTML,PRIVATE_LOCAL_ACTIVITY_EVIDENCE_SEARCHED_PUBLIC_FINDINGS_CROSSWALKED_SEPARATELY
532,0,0,0,0,False,ASSESSED_FROM_STABILIZED_FULL_FLYOUT_HTML,PRIVATE_LOCAL_ACTIVITY_EVIDENCE_SEARCHED_PUBLIC_FINDINGS_CROSSWALKED_SEPARATELY
533,2,1,1,0,True,ASSESSED_FROM_STABILIZED_FULL_FLYOUT_HTML,PRIVATE_LOCAL_ACTIVITY_EVIDENCE_SEARCHED_PUBLIC_FINDINGS_CROSSWALKED_SEPARATELY
534,0,0,0,0,False,ASSESSED_FROM_STABILIZED_FULL_FLYOUT_HTML,PRIVATE_LOCAL_ACTIVITY_EVIDENCE_SEARCHED_PUBLIC_FINDINGS_CROSSWALKED_SEPARATELY
535,2,1,1,0,False,ASSESSED_FROM_STABILIZED_FULL_FLYOUT_HTML,PRIVATE_LOCAL_ACTIVITY_EVIDENCE_SEARCHED_PUBLIC_FINDINGS_CROSSWALKED_SEPARATELY
536,2,1,1,1,True,ASSESSED_FROM_STABILIZED_FULL_FLYOUT_HTML,PRIVATE_LOCAL_ACTIVITY_EVIDENCE_SEARCHED_PUBLIC_FINDINGS_CROSSWALKED_SEPARATELY
537,1,1,0,0,False,ASSESSED_FROM_STABILIZED_FULL_FLYOUT_HTML,PRIVATE_LOCAL_ACTIVITY_EVIDENCE_SEARCHED_PUBLIC_FINDINGS_CROSSWALKED_SEPARATELY
538,0,0,0,0,False,ASSESSED_FROM_STABILIZED_FULL_FLYOUT_HTML,PRIVATE_LOCAL_ACTIVITY_EVIDENCE_SEARCHED_PUBLIC_FINDINGS_CROSSWALKED_SEPARATELY
539,2,1,1,0,True,ASSESSED_FROM_STABILIZED_FULL_FLYOUT_HTML,PRIVATE_LOCAL_ACTIVITY_EVIDENCE_SEARCHED_PUBLIC_FINDINGS_CROSSWALKED_SEPARATELY
540,2,1,1,0,False,ASSESSED_FROM_STABILIZED_FULL_FLYOUT_HTML,PRIVATE_LOCAL_ACTIVITY_EVIDENCE_SEARCHED_PUBLIC_FINDINGS_CROSSWALKED_SEPARATELY
541,2,1,1,0,False,ASSESSED_FROM_STABILIZED_FULL_FLYOUT_HTML,PRIVATE_LOCAL_ACTIVITY_EVIDENCE_SEARCHED_PUBLIC_FINDINGS_CROSSWALKED_SEPARATELY
542,2,1,1,0,False,ASSESSED_FROM_STABILIZED_FULL_FLYOUT_HTML,PRIVATE_LOCAL_ACTIVITY_EVIDENCE_SEARCHED_PUBLIC_FINDINGS_CROSSWALKED_SEPARATELY
543,0,0,0,0,False,ASSESSED_FROM_STABILIZED_FULL_FLYOUT_HTML,PRIVATE_LOCAL_ACTIVITY_EVIDENCE_SEARCHED_PUBLIC_FINDINGS_CROSSWALKED_SEPARATELY
544,2,1,1,0,False,ASSESSED_FROM_STABILIZED_FULL_FLYOUT_HTML,PRIVATE_LOCAL_ACTIVITY_EVIDENCE_SEARCHED_PUBLIC_FINDINGS_CROSSWALKED_SEPARATELY
545,2,1,1,0,False,ASSESSED_FROM_STABILIZED_FULL_FLYOUT_HTML,PRIVATE_LOCAL_ACTIVITY_EVIDENCE_SEARCHED_PUBLIC_FINDINGS_CROSSWALKED_SEPARATELY
546,2,1,1,0,False,ASSESSED_FROM_STABILIZED_FULL_FLYOUT_HTML,PRIVATE_LOCAL_ACTIVITY_EVIDENCE_SEARCHED_PUBLIC_FINDINGS_CROSSWALKED_SEPARATELY
547,2,1,1,0,False,ASSESSED_FROM_STABILIZED_FULL_FLYOUT_HTML,PRIVATE_LOCAL_ACTIVITY_EVIDENCE_SEARCHED_PUBLIC_FINDINGS_CROSSWALKED_SEPARATELY
548,4,1,3,0,True,ASSESSED_FROM_STABILIZED_FULL_FLYOUT_HTML,PRIVATE_LOCAL_ACTIVITY_EVIDENCE_SEARCHED_PUBLIC_FINDINGS_CROSSWALKED_SEPARATELY
549,2,1,1,0,False,ASSESSED_FROM_STABILIZED_FULL_FLYOUT_HTML,PRIVATE_LOCAL_ACTIVITY_EVIDENCE_SEARCHED_PUBLIC_FINDINGS_CROSSWALKED_SEPARATELY
550,2,1,1,1,True,ASSESSED_FROM_STABILIZED_FULL_FLYOUT_HTML,PRIVATE_LOCAL_ACTIVITY_EVIDENCE_SEARCHED_PUBLIC_FINDINGS_CROSSWALKED_SEPARATELY
551,2,1,1,0,True,ASSESSED_FROM_STABILIZED_FULL_FLYOUT_HTML,PRIVATE_LOCAL_ACTIVITY_EVIDENCE_SEARCHED_PUBLIC_FINDINGS_CROSSWALKED_SEPARATELY
552,2,1,1,0,False,ASSESSED_FROM_STABILIZED_FULL_FLYOUT_HTML,PRIVATE_LOCAL_ACTIVITY_EVIDENCE_SEARCHED_PUBLIC_FINDINGS_CROSSWALKED_SEPARATELY
553,2,1,1,1,True,ASSESSED_FROM_STABILIZED_FULL_FLYOUT_HTML,PRIVATE_LOCAL_ACTIVITY_EVIDENCE_SEARCHED_PUBLIC_FINDINGS_CROSSWALKED_SEPARATELY
554,2,1,1,1,True,ASSESSED_FROM_STABILIZED_FULL_FLYOUT_HTML,PRIVATE_LOCAL_ACTIVITY_EVIDENCE_SEARCHED_PUBLIC_FINDINGS_CROSSWALKED_SEPARATELY
555,2,1,1,0,False,ASSESSED_FROM_STABILIZED_FULL_FLYOUT_HTML,PRIVATE_LOCAL_ACTIVITY_EVIDENCE_SEARCHED_PUBLIC_FINDINGS_CROSSWALKED_SEPARATELY
556,3,1,2,0,True,ASSESSED_FROM_STABILIZED_FULL_FLYOUT_HTML,PRIVATE_LOCAL_ACTIVITY_EVIDENCE_SEARCHED_PUBLIC_FINDINGS_CROSSWALKED_SEPARATELY
557,0,0,0,0,False,ASSESSED_FROM_STABILIZED_FULL_FLYOUT_HTML,PRIVATE_LOCAL_ACTIVITY_EVIDENCE_SEARCHED_PUBLIC_FINDINGS_CROSSWALKED_SEPARATELY
558,2,1,1,0,False,ASSESSED_FROM_STABILIZED_FULL_FLYOUT_HTML,PRIVATE_LOCAL_ACTIVITY_EVIDENCE_SEARCHED_PUBLIC_FINDINGS_CROSSWALKED_SEPARATELY
559,2,1,1,0,False,ASSESSED_FROM_STABILIZED_FULL_FLYOUT_HTML,PRIVATE_LOCAL_ACTIVITY_EVIDENCE_SEARCHED_PUBLIC_FINDINGS_CROSSWALKED_SEPARATELY
560,2,1,1,1,True,ASSESSED_FROM_STABILIZED_FULL_FLYOUT_HTML,PRIVATE_LOCAL_ACTIVITY_EVIDENCE_SEARCHED_PUBLIC_FINDINGS_CROSSWALKED_SEPARATELY
561,2,1,1,0,False,ASSESSED_FROM_STABILIZED_FULL_FLYOUT_HTML,PRIVATE_LOCAL_ACTIVITY_EVIDENCE_SEARCHED_PUBLIC_FINDINGS_CROSSWALKED_SEPARATELY
562,2,1,1,1,True,ASSESSED_FROM_STABILIZED_FULL_FLYOUT_HTML,PRIVATE_LOCAL_ACTIVITY_EVIDENCE_SEARCHED_PUBLIC_FINDINGS_CROSSWALKED_SEPARATELY
563,2,1,1,1,True,ASSESSED_FROM_STABILIZED_FULL_FLYOUT_HTML,PRIVATE_LOCAL_ACTIVITY_EVIDENCE_SEARCHED_PUBLIC_FINDINGS_CROSSWALKED_SEPARATELY
564,2,1,1,0,False,ASSESSED_FROM_STABILIZED_FULL_FLYOUT_HTML,PRIVATE_LOCAL_ACTIVITY_EVIDENCE_SEARCHED_PUBLIC_FINDINGS_CROSSWALKED_SEPARATELY
565,3,1,2,0,True,ASSESSED_FROM_STABILIZED_FULL_FLYOUT_HTML,PRIVATE_LOCAL_ACTIVITY_EVIDENCE_SEARCHED_PUBLIC_FINDINGS_CROSSWALKED_SEPARATELY
566,2,1,1,0,True,ASSESSED_FROM_STABILIZED_FULL_FLYOUT_HTML,PRIVATE_LOCAL_ACTIVITY_EVIDENCE_SEARCHED_PUBLIC_FINDINGS_CROSSWALKED_SEPARATELY
567,2,1,1,0,True,ASSESSED_FROM_STABILIZED_FULL_FLYOUT_HTML,PRIVATE_LOCAL_ACTIVITY_EVIDENCE_SEARCHED_PUBLIC_FINDINGS_CROSSWALKED_SEPARATELY
568,2,1,1,1,True,ASSESSED_FROM_STABILIZED_FULL_FLYOUT_HTML,PRIVATE_LOCAL_ACTIVITY_EVIDENCE_SEARCHED_PUBLIC_FINDINGS_CROSSWALKED_SEPARATELY
569,5,1,4,0,True,ASSESSED_FROM_STABILIZED_FULL_FLYOUT_HTML,PRIVATE_LOCAL_ACTIVITY_EVIDENCE_SEARCHED_PUBLIC_FINDINGS_CROSSWALKED_SEPARATELY
570,5,1,4,0,True,ASSESSED_FROM_STABILIZED_FULL_FLYOUT_HTML,PRIVATE_LOCAL_ACTIVITY_EVIDENCE_SEARCHED_PUBLIC_FINDINGS_CROSSWALKED_SEPARATELY
571,3,1,2,0,True,ASSESSED_FROM_STABILIZED_FULL_FLYOUT_HTML,PRIVATE_LOCAL_ACTIVITY_EVIDENCE_SEARCHED_PUBLIC_FINDINGS_CROSSWALKED_SEPARATELY
572,2,1,1,0,False,ASSESSED_FROM_STABILIZED_FULL_FLYOUT_HTML,PRIVATE_LOCAL_ACTIVITY_EVIDENCE_SEARCHED_PUBLIC_FINDINGS_CROSSWALKED_SEPARATELY
573,2,1,1,0,False,ASSESSED_FROM_STABILIZED_FULL_FLYOUT_HTML,PRIVATE_LOCAL_ACTIVITY_EVIDENCE_SEARCHED_PUBLIC_FINDINGS_CROSSWALKED_SEPARATELY
574,0,0,0,0,False,ASSESSED_FROM_STABILIZED_FULL_FLYOUT_HTML,PRIVATE_LOCAL_ACTIVITY_EVIDENCE_SEARCHED_PUBLIC_FINDINGS_CROSSWALKED_SEPARATELY
575,2,1,1,0,False,ASSESSED_FROM_STABILIZED_FULL_FLYOUT_HTML,PRIVATE_LOCAL_ACTIVITY_EVIDENCE_SEARCHED_PUBLIC_FINDINGS_CROSSWALKED_SEPARATELY
576,2,1,1,0,False,ASSESSED_FROM_STABILIZED_FULL_FLYOUT_HTML,PRIVATE_LOCAL_ACTIVITY_EVIDENCE_SEARCHED_PUBLIC_FINDINGS_CROSSWALKED_SEPARATELY
577,2,1,1,0,False,ASSESSED_FROM_STABILIZED_FULL_FLYOUT_HTML,PRIVATE_LOCAL_ACTIVITY_EVIDENCE_SEARCHED_PUBLIC_FINDINGS_CROSSWALKED_SEPARATELY
578,0,0,0,0,False,ASSESSED_FROM_STABILIZED_FULL_FLYOUT_HTML,PRIVATE_LOCAL_ACTIVITY_EVIDENCE_SEARCHED_PUBLIC_FINDINGS_CROSSWALKED_SEPARATELY
579,1,1,0,0,False,ASSESSED_FROM_STABILIZED_FULL_FLYOUT_HTML,PRIVATE_LOCAL_ACTIVITY_EVIDENCE_SEARCHED_PUBLIC_FINDINGS_CROSSWALKED_SEPARATELY
580,0,0,0,0,False,ASSESSED_FROM_STABILIZED_FULL_FLYOUT_HTML,PRIVATE_LOCAL_ACTIVITY_EVIDENCE_SEARCHED_PUBLIC_FINDINGS_CROSSWALKED_SEPARATELY
581,0,0,0,0,False,ASSESSED_FROM_STABILIZED_FULL_FLYOUT_HTML,PRIVATE_LOCAL_ACTIVITY_EVIDENCE_SEARCHED_PUBLIC_FINDINGS_CROSSWALKED_SEPARATELY
582,0,0,0,0,False,ASSESSED_FROM_STABILIZED_FULL_FLYOUT_HTML,PRIVATE_LOCAL_ACTIVITY_EVIDENCE_SEARCHED_PUBLIC_FINDINGS_CROSSWALKED_SEPARATELY
583,2,1,1,0,False,ASSESSED_FROM_STABILIZED_FULL_FLYOUT_HTML,PRIVATE_LOCAL_ACTIVITY_EVIDENCE_SEARCHED_PUBLIC_FINDINGS_CROSSWALKED_SEPARATELY
584,0,0,0,0,False,ASSESSED_FROM_STABILIZED_FULL_FLYOUT_HTML,PRIVATE_LOCAL_ACTIVITY_EVIDENCE_SEARCHED_PUBLIC_FINDINGS_CROSSWALKED_SEPARATELY
585,2,1,1,0,False,ASSESSED_FROM_STABILIZED_FULL_FLYOUT_HTML,PRIVATE_LOCAL_ACTIVITY_EVIDENCE_SEARCHED_PUBLIC_FINDINGS_CROSSWALKED_SEPARATELY
586,2,1,1,1,True,ASSESSED_FROM_STABILIZED_FULL_FLYOUT_HTML,PRIVATE_LOCAL_ACTIVITY_EVIDENCE_SEARCHED_PUBLIC_FINDINGS_CROSSWALKED_SEPARATELY
587,0,0,0,0,False,ASSESSED_FROM_STABILIZED_FULL_FLYOUT_HTML,PRIVATE_LOCAL_ACTIVITY_EVIDENCE_SEARCHED_PUBLIC_FINDINGS_CROSSWALKED_SEPARATELY
588,0,0,0,0,False,ASSESSED_FROM_STABILIZED_FULL_FLYOUT_HTML,PRIVATE_LOCAL_ACTIVITY_EVIDENCE_SEARCHED_PUBLIC_FINDINGS_CROSSWALKED_SEPARATELY
589,0,0,0,0,False,ASSESSED_FROM_STABILIZED_FULL_FLYOUT_HTML,PRIVATE_LOCAL_ACTIVITY_EVIDENCE_SEARCHED_PUBLIC_FINDINGS_CROSSWALKED_SEPARATELY
590,2,1,1,0,False,ASSESSED_FROM_STABILIZED_FULL_FLYOUT_HTML,PRIVATE_LOCAL_ACTIVITY_EVIDENCE_SEARCHED_PUBLIC_FINDINGS_CROSSWALKED_SEPARATELY
591,0,0,0,0,False,ASSESSED_FROM_STABILIZED_FULL_FLYOUT_HTML,PRIVATE_LOCAL_ACTIVITY_EVIDENCE_SEARCHED_PUBLIC_FINDINGS_CROSSWALKED_SEPARATELY
592,0,0,0,0,False,ASSESSED_FROM_STABILIZED_FULL_FLYOUT_HTML,PRIVATE_LOCAL_ACTIVITY_EVIDENCE_SEARCHED_PUBLIC_FINDINGS_CROSSWALKED_SEPARATELY
593,0,0,0,0,False,ASSESSED_FROM_STABILIZED_FULL_FLYOUT_HTML,PRIVATE_LOCAL_ACTIVITY_EVIDENCE_SEARCHED_PUBLIC_FINDINGS_CROSSWALKED_SEPARATELY
594,2,1,1,0,False,ASSESSED_FROM_STABILIZED_FULL_FLYOUT_HTML,PRIVATE_LOCAL_ACTIVITY_EVIDENCE_SEARCHED_PUBLIC_FINDINGS_CROSSWALKED_SEPARATELY
595,0,0,0,0,False,ASSESSED_FROM_STABILIZED_FULL_FLYOUT_HTML,PRIVATE_LOCAL_ACTIVITY_EVIDENCE_SEARCHED_PUBLIC_FINDINGS_CROSSWALKED_SEPARATELY
596,2,1,1,1,True,ASSESSED_FROM_STABILIZED_FULL_FLYOUT_HTML,PRIVATE_LOCAL_ACTIVITY_EVIDENCE_SEARCHED_PUBLIC_FINDINGS_CROSSWALKED_SEPARATELY
597,2,1,1,1,True,ASSESSED_FROM_STABILIZED_FULL_FLYOUT_HTML,PRIVATE_LOCAL_ACTIVITY_EVIDENCE_SEARCHED_PUBLIC_FINDINGS_CROSSWALKED_SEPARATELY
598,0,0,0,0,False,ASSESSED_FROM_STABILIZED_FULL_FLYOUT_HTML,PRIVATE_LOCAL_ACTIVITY_EVIDENCE_SEARCHED_PUBLIC_FINDINGS_CROSSWALKED_SEPARATELY
599,0,0,0,0,False,ASSESSED_FROM_STABILIZED_FULL_FLYOUT_HTML,PRIVATE_LOCAL_ACTIVITY_EVIDENCE_SEARCHED_PUBLIC_FINDINGS_CROSSWALKED_SEPARATELY
600,2,1,1,0,False,ASSESSED_FROM_STABILIZED_FULL_FLYOUT_HTML,PRIVATE_LOCAL_ACTIVITY_EVIDENCE_SEARCHED_PUBLIC_FINDINGS_CROSSWALKED_SEPARATELY
601,2,1,1,1,True,ASSESSED_FROM_STABILIZED_FULL_FLYOUT_HTML,PRIVATE_LOCAL_ACTIVITY_EVIDENCE_SEARCHED_PUBLIC_FINDINGS_CROSSWALKED_SEPARATELY
602,8,1,7,0,True,ASSESSED_FROM_STABILIZED_FULL_FLYOUT_HTML,PRIVATE_LOCAL_ACTIVITY_EVIDENCE_SEARCHED_PUBLIC_FINDINGS_CROSSWALKED_SEPARATELY
603,4,1,3,2,True,ASSESSED_FROM_STABILIZED_FULL_FLYOUT_HTML,PRIVATE_LOCAL_ACTIVITY_EVIDENCE_SEARCHED_PUBLIC_FINDINGS_CROSSWALKED_SEPARATELY
604,0,0,0,0,False,ASSESSED_FROM_STABILIZED_FULL_FLYOUT_HTML,PRIVATE_LOCAL_ACTIVITY_EVIDENCE_SEARCHED_PUBLIC_FINDINGS_CROSSWALKED_SEPARATELY
605,2,1,1,0,False,ASSESSED_FROM_STABILIZED_FULL_FLYOUT_HTML,PRIVATE_LOCAL_ACTIVITY_EVIDENCE_SEARCHED_PUBLIC_FINDINGS_CROSSWALKED_SEPARATELY
606,0,0,0,0,False,ASSESSED_FROM_STABILIZED_FULL_FLYOUT_HTML,PRIVATE_LOCAL_ACTIVITY_EVIDENCE_SEARCHED_PUBLIC_FINDINGS_CROSSWALKED_SEPARATELY
607,2,1,1,0,False,ASSESSED_FROM_STABILIZED_FULL_FLYOUT_HTML,PRIVATE_LOCAL_ACTIVITY_EVIDENCE_SEARCHED_PUBLIC_FINDINGS_CROSSWALKED_SEPARATELY
608,0,0,0,0,False,ASSESSED_FROM_STABILIZED_FULL_FLYOUT_HTML,PRIVATE_LOCAL_ACTIVITY_EVIDENCE_SEARCHED_PUBLIC_FINDINGS_CROSSWALKED_SEPARATELY
609,2,1,1,1,True,ASSESSED_FROM_STABILIZED_FULL_FLYOUT_HTML,PRIVATE_LOCAL_ACTIVITY_EVIDENCE_SEARCHED_PUBLIC_FINDINGS_CROSSWALKED_SEPARATELY
610,2,1,1,1,True,ASSESSED_FROM_STABILIZED_FULL_FLYOUT_HTML,PRIVATE_LOCAL_ACTIVITY_EVIDENCE_SEARCHED_PUBLIC_FINDINGS_CROSSWALKED_SEPARATELY
611,2,1,1,0,False,ASSESSED_FROM_STABILIZED_FULL_FLYOUT_HTML,PRIVATE_LOCAL_ACTIVITY_EVIDENCE_SEARCHED_PUBLIC_FINDINGS_CROSSWALKED_SEPARATELY
612,0,0,0,0,False,ASSESSED_FROM_STABILIZED_FULL_FLYOUT_HTML,PRIVATE_LOCAL_ACTIVITY_EVIDENCE_SEARCHED_PUBLIC_FINDINGS_CROSSWALKED_SEPARATELY
613,2,1,1,0,False,ASSESSED_FROM_STABILIZED_FULL_FLYOUT_HTML,PRIVATE_LOCAL_ACTIVITY_EVIDENCE_SEARCHED_PUBLIC_FINDINGS_CROSSWALKED_SEPARATELY
614,2,1,1,1,True,ASSESSED_FROM_STABILIZED_FULL_FLYOUT_HTML,PRIVATE_LOCAL_ACTIVITY_EVIDENCE_SEARCHED_PUBLIC_FINDINGS_CROSSWALKED_SEPARATELY
615,2,1,1,1,True,ASSESSED_FROM_STABILIZED_FULL_FLYOUT_HTML,PRIVATE_LOCAL_ACTIVITY_EVIDENCE_SEARCHED_PUBLIC_FINDINGS_CROSSWALKED_SEPARATELY
616,0,0,0,0,False,ASSESSED_FROM_STABILIZED_FULL_FLYOUT_HTML,PRIVATE_LOCAL_ACTIVITY_EVIDENCE_SEARCHED_PUBLIC_FINDINGS_CROSSWALKED_SEPARATELY
617,0,0,0,0,False,ASSESSED_FROM_STABILIZED_FULL_FLYOUT_HTML,PRIVATE_LOCAL_ACTIVITY_EVIDENCE_SEARCHED_PUBLIC_FINDINGS_CROSSWALKED_SEPARATELY
618,2,1,1,0,False,ASSESSED_FROM_STABILIZED_FULL_FLYOUT_HTML,PRIVATE_LOCAL_ACTIVITY_EVIDENCE_SEARCHED_PUBLIC_FINDINGS_CROSSWALKED_SEPARATELY
619,2,1,1,0,False,ASSESSED_FROM_STABILIZED_FULL_FLYOUT_HTML,PRIVATE_LOCAL_ACTIVITY_EVIDENCE_SEARCHED_PUBLIC_FINDINGS_CROSSWALKED_SEPARATELY
620,2,1,1,0,False,ASSESSED_FROM_STABILIZED_FULL_FLYOUT_HTML,PRIVATE_LOCAL_ACTIVITY_EVIDENCE_SEARCHED_PUBLIC_FINDINGS_CROSSWALKED_SEPARATELY
621,0,0,0,0,False,ASSESSED_FROM_STABILIZED_FULL_FLYOUT_HTML,PRIVATE_LOCAL_ACTIVITY_EVIDENCE_SEARCHED_PUBLIC_FINDINGS_CROSSWALKED_SEPARATELY
622,2,1,1,0,False,ASSESSED_FROM_STABILIZED_FULL_FLYOUT_HTML,PRIVATE_LOCAL_ACTIVITY_EVIDENCE_SEARCHED_PUBLIC_FINDINGS_CROSSWALKED_SEPARATELY
623,0,0,0,0,False,ASSESSED_FROM_STABILIZED_FULL_FLYOUT_HTML,PRIVATE_LOCAL_ACTIVITY_EVIDENCE_SEARCHED_PUBLIC_FINDINGS_CROSSWALKED_SEPARATELY
624,2,1,1,0,False,ASSESSED_FROM_STABILIZED_FULL_FLYOUT_HTML,PRIVATE_LOCAL_ACTIVITY_EVIDENCE_SEARCHED_PUBLIC_FINDINGS_CROSSWALKED_SEPARATELY
625,0,0,0,0,False,ASSESSED_FROM_STABILIZED_FULL_FLYOUT_HTML,PRIVATE_LOCAL_ACTIVITY_EVIDENCE_SEARCHED_PUBLIC_FINDINGS_CROSSWALKED_SEPARATELY
626,0,0,0,0,False,ASSESSED_FROM_STABILIZED_FULL_FLYOUT_HTML,PRIVATE_LOCAL_ACTIVITY_EVIDENCE_SEARCHED_PUBLIC_FINDINGS_CROSSWALKED_SEPARATELY
627,2,1,1,0,False,ASSESSED_FROM_STABILIZED_FULL_FLYOUT_HTML,PRIVATE_LOCAL_ACTIVITY_EVIDENCE_SEARCHED_PUBLIC_FINDINGS_CROSSWALKED_SEPARATELY
628,2,1,1,0,False,ASSESSED_FROM_STABILIZED_FULL_FLYOUT_HTML,PRIVATE_LOCAL_ACTIVITY_EVIDENCE_SEARCHED_PUBLIC_FINDINGS_CROSSWALKED_SEPARATELY
629,2,1,1,0,False,ASSESSED_FROM_STABILIZED_FULL_FLYOUT_HTML,PRIVATE_LOCAL_ACTIVITY_EVIDENCE_SEARCHED_PUBLIC_FINDINGS_CROSSWALKED_SEPARATELY
630,2,1,1,0,False,ASSESSED_FROM_STABILIZED_FULL_FLYOUT_HTML,PRIVATE_LOCAL_ACTIVITY_EVIDENCE_SEARCHED_PUBLIC_FINDINGS_CROSSWALKED_SEPARATELY
631,0,0,0,0,False,ASSESSED_FROM_STABILIZED_FULL_FLYOUT_HTML,PRIVATE_LOCAL_ACTIVITY_EVIDENCE_SEARCHED_PUBLIC_FINDINGS_CROSSWALKED_SEPARATELY
632,0,0,0,0,False,ASSESSED_FROM_STABILIZED_FULL_FLYOUT_HTML,PRIVATE_LOCAL_ACTIVITY_EVIDENCE_SEARCHED_PUBLIC_FINDINGS_CROSSWALKED_SEPARATELY
633,0,0,0,0,False,ASSESSED_FROM_STABILIZED_FULL_FLYOUT_HTML,PRIVATE_LOCAL_ACTIVITY_EVIDENCE_SEARCHED_PUBLIC_FINDINGS_CROSSWALKED_SEPARATELY
634,2,1,1,0,False,ASSESSED_FROM_STABILIZED_FULL_FLYOUT_HTML,PRIVATE_LOCAL_ACTIVITY_EVIDENCE_SEARCHED_PUBLIC_FINDINGS_CROSSWALKED_SEPARATELY
635,2,1,1,1,True,ASSESSED_FROM_STABILIZED_FULL_FLYOUT_HTML,PRIVATE_LOCAL_ACTIVITY_EVIDENCE_SEARCHED_PUBLIC_FINDINGS_CROSSWALKED_SEPARATELY
636,1,1,0,0,False,ASSESSED_FROM_STABILIZED_FULL_FLYOUT_HTML,PRIVATE_LOCAL_ACTIVITY_EVIDENCE_SEARCHED_PUBLIC_FINDINGS_CROSSWALKED_SEPARATELY
637,0,0,0,0,False,ASSESSED_FROM_STABILIZED_FULL_FLYOUT_HTML,PRIVATE_LOCAL_ACTIVITY_EVIDENCE_SEARCHED_PUBLIC_FINDINGS_CROSSWALKED_SEPARATELY
638,0,0,0,0,False,ASSESSED_FROM_STABILIZED_FULL_FLYOUT_HTML,PRIVATE_LOCAL_ACTIVITY_EVIDENCE_SEARCHED_PUBLIC_FINDINGS_CROSSWALKED_SEPARATELY
639,1,1,0,0,False,ASSESSED_FROM_STABILIZED_FULL_FLYOUT_HTML,PRIVATE_LOCAL_ACTIVITY_EVIDENCE_SEARCHED_PUBLIC_FINDINGS_CROSSWALKED_SEPARATELY
640,0,0,0,0,False,ASSESSED_FROM_STABILIZED_FULL_FLYOUT_HTML,PRIVATE_LOCAL_ACTIVITY_EVIDENCE_SEARCHED_PUBLIC_FINDINGS_CROSSWALKED_SEPARATELY
641,2,1,1,0,True,ASSESSED_FROM_STABILIZED_FULL_FLYOUT_HTML,PRIVATE_LOCAL_ACTIVITY_EVIDENCE_SEARCHED_PUBLIC_FINDINGS_CROSSWALKED_SEPARATELY
642,1,1,0,0,False,ASSESSED_FROM_STABILIZED_FULL_FLYOUT_HTML,PRIVATE_LOCAL_ACTIVITY_EVIDENCE_SEARCHED_PUBLIC_FINDINGS_CROSSWALKED_SEPARATELY
643,0,0,0,0,False,ASSESSED_FROM_STABILIZED_FULL_FLYOUT_HTML,PRIVATE_LOCAL_ACTIVITY_EVIDENCE_SEARCHED_PUBLIC_FINDINGS_CROSSWALKED_SEPARATELY
644,2,1,1,0,False,ASSESSED_FROM_STABILIZED_FULL_FLYOUT_HTML,PRIVATE_LOCAL_ACTIVITY_EVIDENCE_SEARCHED_PUBLIC_FINDINGS_CROSSWALKED_SEPARATELY
645,2,1,1,0,False,ASSESSED_FROM_STABILIZED_FULL_FLYOUT_HTML,PRIVATE_LOCAL_ACTIVITY_EVIDENCE_SEARCHED_PUBLIC_FINDINGS_CROSSWALKED_SEPARATELY
646,2,1,1,0,False,ASSESSED_FROM_STABILIZED_FULL_FLYOUT_HTML,PRIVATE_LOCAL_ACTIVITY_EVIDENCE_SEARCHED_PUBLIC_FINDINGS_CROSSWALKED_SEPARATELY
647,2,1,1,1,True,ASSESSED_FROM_STABILIZED_FULL_FLYOUT_HTML,PRIVATE_LOCAL_ACTIVITY_EVIDENCE_SEARCHED_PUBLIC_FINDINGS_CROSSWALKED_SEPARATELY
648,2,1,1,0,False,ASSESSED_FROM_STABILIZED_FULL_FLYOUT_HTML,PRIVATE_LOCAL_ACTIVITY_EVIDENCE_SEARCHED_PUBLIC_FINDINGS_CROSSWALKED_SEPARATELY
649,0,0,0,0,False,ASSESSED_FROM_STABILIZED_FULL_FLYOUT_HTML,PRIVATE_LOCAL_ACTIVITY_EVIDENCE_SEARCHED_PUBLIC_FINDINGS_CROSSWALKED_SEPARATELY
650,6,1,5,0,True,ASSESSED_FROM_STABILIZED_FULL_FLYOUT_HTML,PRIVATE_LOCAL_ACTIVITY_EVIDENCE_SEARCHED_PUBLIC_FINDINGS_CROSSWALKED_SEPARATELY
651,2,1,1,0,False,ASSESSED_FROM_STABILIZED_FULL_FLYOUT_HTML,PRIVATE_LOCAL_ACTIVITY_EVIDENCE_SEARCHED_PUBLIC_FINDINGS_CROSSWALKED_SEPARATELY
652,1,1,0,0,False,ASSESSED_FROM_STABILIZED_FULL_FLYOUT_HTML,PRIVATE_LOCAL_ACTIVITY_EVIDENCE_SEARCHED_PUBLIC_FINDINGS_CROSSWALKED_SEPARATELY
653,0,0,0,0,False,ASSESSED_FROM_STABILIZED_FULL_FLYOUT_HTML,PRIVATE_LOCAL_ACTIVITY_EVIDENCE_SEARCHED_PUBLIC_FINDINGS_CROSSWALKED_SEPARATELY
654,2,1,1,0,False,ASSESSED_FROM_STABILIZED_FULL_FLYOUT_HTML,PRIVATE_LOCAL_ACTIVITY_EVIDENCE_SEARCHED_PUBLIC_FINDINGS_CROSSWALKED_SEPARATELY
655,2,1,1,1,True,ASSESSED_FROM_STABILIZED_FULL_FLYOUT_HTML,PRIVATE_LOCAL_ACTIVITY_EVIDENCE_SEARCHED_PUBLIC_FINDINGS_CROSSWALKED_SEPARATELY
656,2,1,1,1,True,ASSESSED_FROM_STABILIZED_FULL_FLYOUT_HTML,PRIVATE_LOCAL_ACTIVITY_EVIDENCE_SEARCHED_PUBLIC_FINDINGS_CROSSWALKED_SEPARATELY
657,0,0,0,0,False,ASSESSED_FROM_STABILIZED_FULL_FLYOUT_HTML,PRIVATE_LOCAL_ACTIVITY_EVIDENCE_SEARCHED_PUBLIC_FINDINGS_CROSSWALKED_SEPARATELY
658,2,1,1,0,False,ASSESSED_FROM_STABILIZED_FULL_FLYOUT_HTML,PRIVATE_LOCAL_ACTIVITY_EVIDENCE_SEARCHED_PUBLIC_FINDINGS_CROSSWALKED_SEPARATELY
659,0,0,0,0,False,ASSESSED_FROM_STABILIZED_FULL_FLYOUT_HTML,PRIVATE_LOCAL_ACTIVITY_EVIDENCE_SEARCHED_PUBLIC_FINDINGS_CROSSWALKED_SEPARATELY
660,2,1,1,0,False,ASSESSED_FROM_STABILIZED_FULL_FLYOUT_HTML,PRIVATE_LOCAL_ACTIVITY_EVIDENCE_SEARCHED_PUBLIC_FINDINGS_CROSSWALKED_SEPARATELY
661,2,1,1,0,False,ASSESSED_FROM_STABILIZED_FULL_FLYOUT_HTML,PRIVATE_LOCAL_ACTIVITY_EVIDENCE_SEARCHED_PUBLIC_FINDINGS_CROSSWALKED_SEPARATELY
662,2,1,1,0,False,ASSESSED_FROM_STABILIZED_FULL_FLYOUT_HTML,PRIVATE_LOCAL_ACTIVITY_EVIDENCE_SEARCHED_PUBLIC_FINDINGS_CROSSWALKED_SEPARATELY
663,2,1,1,0,False,ASSESSED_FROM_STABILIZED_FULL_FLYOUT_HTML,PRIVATE_LOCAL_ACTIVITY_EVIDENCE_SEARCHED_PUBLIC_FINDINGS_CROSSWALKED_SEPARATELY
664,2,1,1,0,False,ASSESSED_FROM_STABILIZED_FULL_FLYOUT_HTML,PRIVATE_LOCAL_ACTIVITY_EVIDENCE_SEARCHED_PUBLIC_FINDINGS_CROSSWALKED_SEPARATELY
665,2,1,1,0,False,ASSESSED_FROM_STABILIZED_FULL_FLYOUT_HTML,PRIVATE_LOCAL_ACTIVITY_EVIDENCE_SEARCHED_PUBLIC_FINDINGS_CROSSWALKED_SEPARATELY
666,0,0,0,0,False,ASSESSED_FROM_STABILIZED_FULL_FLYOUT_HTML,PRIVATE_LOCAL_ACTIVITY_EVIDENCE_SEARCHED_PUBLIC_FINDINGS_CROSSWALKED_SEPARATELY
667,2,1,1,0,False,ASSESSED_FROM_STABILIZED_FULL_FLYOUT_HTML,PRIVATE_LOCAL_ACTIVITY_EVIDENCE_SEARCHED_PUBLIC_FINDINGS_CROSSWALKED_SEPARATELY
668,2,1,1,0,False,ASSESSED_FROM_STABILIZED_FULL_FLYOUT_HTML,PRIVATE_LOCAL_ACTIVITY_EVIDENCE_SEARCHED_PUBLIC_FINDINGS_CROSSWALKED_SEPARATELY
669,0,0,0,0,False,ASSESSED_FROM_STABILIZED_FULL_FLYOUT_HTML,PRIVATE_LOCAL_ACTIVITY_EVIDENCE_SEARCHED_PUBLIC_FINDINGS_CROSSWALKED_SEPARATELY
670,2,1,1,0,False,ASSESSED_FROM_STABILIZED_FULL_FLYOUT_HTML,PRIVATE_LOCAL_ACTIVITY_EVIDENCE_SEARCHED_PUBLIC_FINDINGS_CROSSWALKED_SEPARATELY
671,2,1,1,0,False,ASSESSED_FROM_STABILIZED_FULL_FLYOUT_HTML,PRIVATE_LOCAL_ACTIVITY_EVIDENCE_SEARCHED_PUBLIC_FINDINGS_CROSSWALKED_SEPARATELY
672,0,0,0,0,False,ASSESSED_FROM_STABILIZED_FULL_FLYOUT_HTML,PRIVATE_LOCAL_ACTIVITY_EVIDENCE_SEARCHED_PUBLIC_FINDINGS_CROSSWALKED_SEPARATELY
673,2,1,1,0,False,ASSESSED_FROM_STABILIZED_FULL_FLYOUT_HTML,PRIVATE_LOCAL_ACTIVITY_EVIDENCE_SEARCHED_PUBLIC_FINDINGS_CROSSWALKED_SEPARATELY
674,0,0,0,0,False,ASSESSED_FROM_STABILIZED_FULL_FLYOUT_HTML,PRIVATE_LOCAL_ACTIVITY_EVIDENCE_SEARCHED_PUBLIC_FINDINGS_CROSSWALKED_SEPARATELY
675,0,0,0,0,False,ASSESSED_FROM_STABILIZED_FULL_FLYOUT_HTML,PRIVATE_LOCAL_ACTIVITY_EVIDENCE_SEARCHED_PUBLIC_FINDINGS_CROSSWALKED_SEPARATELY
676,0,0,0,0,False,ASSESSED_FROM_STABILIZED_FULL_FLYOUT_HTML,PRIVATE_LOCAL_ACTIVITY_EVIDENCE_SEARCHED_PUBLIC_FINDINGS_CROSSWALKED_SEPARATELY
677,0,0,0,0,False,ASSESSED_FROM_STABILIZED_FULL_FLYOUT_HTML,PRIVATE_LOCAL_ACTIVITY_EVIDENCE_SEARCHED_PUBLIC_FINDINGS_CROSSWALKED_SEPARATELY
678,2,1,1,0,False,ASSESSED_FROM_STABILIZED_FULL_FLYOUT_HTML,PRIVATE_LOCAL_ACTIVITY_EVIDENCE_SEARCHED_PUBLIC_FINDINGS_CROSSWALKED_SEPARATELY
679,2,1,1,0,False,ASSESSED_FROM_STABILIZED_FULL_FLYOUT_HTML,PRIVATE_LOCAL_ACTIVITY_EVIDENCE_SEARCHED_PUBLIC_FINDINGS_CROSSWALKED_SEPARATELY
680,2,1,1,0,False,ASSESSED_FROM_STABILIZED_FULL_FLYOUT_HTML,PRIVATE_LOCAL_ACTIVITY_EVIDENCE_SEARCHED_PUBLIC_FINDINGS_CROSSWALKED_SEPARATELY
681,0,0,0,0,False,ASSESSED_FROM_STABILIZED_FULL_FLYOUT_HTML,PRIVATE_LOCAL_ACTIVITY_EVIDENCE_SEARCHED_PUBLIC_FINDINGS_CROSSWALKED_SEPARATELY
682,2,1,1,1,True,ASSESSED_FROM_STABILIZED_FULL_FLYOUT_HTML,PRIVATE_LOCAL_ACTIVITY_EVIDENCE_SEARCHED_PUBLIC_FINDINGS_CROSSWALKED_SEPARATELY
683,1,1,0,0,False,ASSESSED_FROM_STABILIZED_FULL_FLYOUT_HTML,PRIVATE_LOCAL_ACTIVITY_EVIDENCE_SEARCHED_PUBLIC_FINDINGS_CROSSWALKED_SEPARATELY
684,0,0,0,0,False,ASSESSED_FROM_STABILIZED_FULL_FLYOUT_HTML,PRIVATE_LOCAL_ACTIVITY_EVIDENCE_SEARCHED_PUBLIC_FINDINGS_CROSSWALKED_SEPARATELY
685,2,1,1,0,False,ASSESSED_FROM_STABILIZED_FULL_FLYOUT_HTML,PRIVATE_LOCAL_ACTIVITY_EVIDENCE_SEARCHED_PUBLIC_FINDINGS_CROSSWALKED_SEPARATELY
686,0,0,0,0,False,ASSESSED_FROM_STABILIZED_FULL_FLYOUT_HTML,PRIVATE_LOCAL_ACTIVITY_EVIDENCE_SEARCHED_PUBLIC_FINDINGS_CROSSWALKED_SEPARATELY
687,2,1,1,0,False,ASSESSED_FROM_STABILIZED_FULL_FLYOUT_HTML,PRIVATE_LOCAL_ACTIVITY_EVIDENCE_SEARCHED_PUBLIC_FINDINGS_CROSSWALKED_SEPARATELY
688,0,0,0,0,False,ASSESSED_FROM_STABILIZED_FULL_FLYOUT_HTML,PRIVATE_LOCAL_ACTIVITY_EVIDENCE_SEARCHED_PUBLIC_FINDINGS_CROSSWALKED_SEPARATELY
689,2,1,1,1,True,ASSESSED_FROM_STABILIZED_FULL_FLYOUT_HTML,PRIVATE_LOCAL_ACTIVITY_EVIDENCE_SEARCHED_PUBLIC_FINDINGS_CROSSWALKED_SEPARATELY
690,2,1,1,0,True,ASSESSED_FROM_STABILIZED_FULL_FLYOUT_HTML,PRIVATE_LOCAL_ACTIVITY_EVIDENCE_SEARCHED_PUBLIC_FINDINGS_CROSSWALKED_SEPARATELY
691,0,0,0,0,False,ASSESSED_FROM_STABILIZED_FULL_FLYOUT_HTML,PRIVATE_LOCAL_ACTIVITY_EVIDENCE_SEARCHED_PUBLIC_FINDINGS_CROSSWALKED_SEPARATELY
692,2,1,1,0,False,ASSESSED_FROM_STABILIZED_FULL_FLYOUT_HTML,PRIVATE_LOCAL_ACTIVITY_EVIDENCE_SEARCHED_PUBLIC_FINDINGS_CROSSWALKED_SEPARATELY
693,0,0,0,0,False,ASSESSED_FROM_STABILIZED_FULL_FLYOUT_HTML,PRIVATE_LOCAL_ACTIVITY_EVIDENCE_SEARCHED_PUBLIC_FINDINGS_CROSSWALKED_SEPARATELY
694,2,1,1,0,False,ASSESSED_FROM_STABILIZED_FULL_FLYOUT_HTML,PRIVATE_LOCAL_ACTIVITY_EVIDENCE_SEARCHED_PUBLIC_FINDINGS_CROSSWALKED_SEPARATELY
695,0,0,0,0,False,ASSESSED_FROM_STABILIZED_FULL_FLYOUT_HTML,PRIVATE_LOCAL_ACTIVITY_EVIDENCE_SEARCHED_PUBLIC_FINDINGS_CROSSWALKED_SEPARATELY
696,2,1,1,0,False,ASSESSED_FROM_STABILIZED_FULL_FLYOUT_HTML,PRIVATE_LOCAL_ACTIVITY_EVIDENCE_SEARCHED_PUBLIC_FINDINGS_CROSSWALKED_SEPARATELY
697,2,1,1,0,False,ASSESSED_FROM_STABILIZED_FULL_FLYOUT_HTML,PRIVATE_LOCAL_ACTIVITY_EVIDENCE_SEARCHED_PUBLIC_FINDINGS_CROSSWALKED_SEPARATELY
698,0,0,0,0,False,ASSESSED_FROM_STABILIZED_FULL_FLYOUT_HTML,PRIVATE_LOCAL_ACTIVITY_EVIDENCE_SEARCHED_PUBLIC_FINDINGS_CROSSWALKED_SEPARATELY
699,2,1,1,0,False,ASSESSED_FROM_STABILIZED_FULL_FLYOUT_HTML,PRIVATE_LOCAL_ACTIVITY_EVIDENCE_SEARCHED_PUBLIC_FINDINGS_CROSSWALKED_SEPARATELY
700,2,1,1,1,True,ASSESSED_FROM_STABILIZED_FULL_FLYOUT_HTML,PRIVATE_LOCAL_ACTIVITY_EVIDENCE_SEARCHED_PUBLIC_FINDINGS_CROSSWALKED_SEPARATELY
701,0,0,0,0,False,ASSESSED_FROM_STABILIZED_FULL_FLYOUT_HTML,PRIVATE_LOCAL_ACTIVITY_EVIDENCE_SEARCHED_PUBLIC_FINDINGS_CROSSWALKED_SEPARATELY
702,1,1,0,0,False,ASSESSED_FROM_STABILIZED_FULL_FLYOUT_HTML,PRIVATE_LOCAL_ACTIVITY_EVIDENCE_SEARCHED_PUBLIC_FINDINGS_CROSSWALKED_SEPARATELY
703,0,0,0,0,False,ASSESSED_FROM_STABILIZED_FULL_FLYOUT_HTML,PRIVATE_LOCAL_ACTIVITY_EVIDENCE_SEARCHED_PUBLIC_FINDINGS_CROSSWALKED_SEPARATELY
704,2,1,1,1,True,ASSESSED_FROM_STABILIZED_FULL_FLYOUT_HTML,PRIVATE_LOCAL_ACTIVITY_EVIDENCE_SEARCHED_PUBLIC_FINDINGS_CROSSWALKED_SEPARATELY
705,4,1,3,0,True,ASSESSED_FROM_STABILIZED_FULL_FLYOUT_HTML,PRIVATE_LOCAL_ACTIVITY_EVIDENCE_SEARCHED_PUBLIC_FINDINGS_CROSSWALKED_SEPARATELY
706,2,1,1,0,True,ASSESSED_FROM_STABILIZED_FULL_FLYOUT_HTML,PRIVATE_LOCAL_ACTIVITY_EVIDENCE_SEARCHED_PUBLIC_FINDINGS_CROSSWALKED_SEPARATELY
707,0,0,0,0,False,ASSESSED_FROM_STABILIZED_FULL_FLYOUT_HTML,PRIVATE_LOCAL_ACTIVITY_EVIDENCE_SEARCHED_PUBLIC_FINDINGS_CROSSWALKED_SEPARATELY
708,0,0,0,0,False,ASSESSED_FROM_STABILIZED_FULL_FLYOUT_HTML,PRIVATE_LOCAL_ACTIVITY_EVIDENCE_SEARCHED_PUBLIC_FINDINGS_CROSSWALKED_SEPARATELY
709,2,1,1,0,False,ASSESSED_FROM_STABILIZED_FULL_FLYOUT_HTML,PRIVATE_LOCAL_ACTIVITY_EVIDENCE_SEARCHED_PUBLIC_FINDINGS_CROSSWALKED_SEPARATELY
710,0,0,0,0,False,ASSESSED_FROM_STABILIZED_FULL_FLYOUT_HTML,PRIVATE_LOCAL_ACTIVITY_EVIDENCE_SEARCHED_PUBLIC_FINDINGS_CROSSWALKED_SEPARATELY
711,2,1,1,0,False,ASSESSED_FROM_STABILIZED_FULL_FLYOUT_HTML,PRIVATE_LOCAL_ACTIVITY_EVIDENCE_SEARCHED_PUBLIC_FINDINGS_CROSSWALKED_SEPARATELY
712,0,0,0,0,False,ASSESSED_FROM_STABILIZED_FULL_FLYOUT_HTML,PRIVATE_LOCAL_ACTIVITY_EVIDENCE_SEARCHED_PUBLIC_FINDINGS_CROSSWALKED_SEPARATELY
713,2,1,1,0,False,ASSESSED_FROM_STABILIZED_FULL_FLYOUT_HTML,PRIVATE_LOCAL_ACTIVITY_EVIDENCE_SEARCHED_PUBLIC_FINDINGS_CROSSWALKED_SEPARATELY
714,8,1,7,0,True,ASSESSED_FROM_STABILIZED_FULL_FLYOUT_HTML,PRIVATE_LOCAL_ACTIVITY_EVIDENCE_SEARCHED_PUBLIC_FINDINGS_CROSSWALKED_SEPARATELY
715,2,1,1,0,True,ASSESSED_FROM_STABILIZED_FULL_FLYOUT_HTML,PRIVATE_LOCAL_ACTIVITY_EVIDENCE_SEARCHED_PUBLIC_FINDINGS_CROSSWALKED_SEPARATELY
716,0,0,0,0,False,ASSESSED_FROM_STABILIZED_FULL_FLYOUT_HTML,PRIVATE_LOCAL_ACTIVITY_EVIDENCE_SEARCHED_PUBLIC_FINDINGS_CROSSWALKED_SEPARATELY
717,2,1,1,0,False,ASSESSED_FROM_STABILIZED_FULL_FLYOUT_HTML,PRIVATE_LOCAL_ACTIVITY_EVIDENCE_SEARCHED_PUBLIC_FINDINGS_CROSSWALKED_SEPARATELY
718,2,1,1,0,False,ASSESSED_FROM_STABILIZED_FULL_FLYOUT_HTML,PRIVATE_LOCAL_ACTIVITY_EVIDENCE_SEARCHED_PUBLIC_FINDINGS_CROSSWALKED_SEPARATELY
719,2,1,1,0,False,ASSESSED_FROM_STABILIZED_FULL_FLYOUT_HTML,PRIVATE_LOCAL_ACTIVITY_EVIDENCE_SEARCHED_PUBLIC_FINDINGS_CROSSWALKED_SEPARATELY
720,0,0,0,0,False,ASSESSED_FROM_STABILIZED_FULL_FLYOUT_HTML,PRIVATE_LOCAL_ACTIVITY_EVIDENCE_SEARCHED_PUBLIC_FINDINGS_CROSSWALKED_SEPARATELY
721,14,1,13,0,True,ASSESSED_FROM_STABILIZED_FULL_FLYOUT_HTML,PRIVATE_LOCAL_ACTIVITY_EVIDENCE_SEARCHED_PUBLIC_FINDINGS_CROSSWALKED_SEPARATELY
722,2,1,1,0,False,ASSESSED_FROM_STABILIZED_FULL_FLYOUT_HTML,PRIVATE_LOCAL_ACTIVITY_EVIDENCE_SEARCHED_PUBLIC_FINDINGS_CROSSWALKED_SEPARATELY
723,0,0,0,0,False,ASSESSED_FROM_STABILIZED_FULL_FLYOUT_HTML,PRIVATE_LOCAL_ACTIVITY_EVIDENCE_SEARCHED_PUBLIC_FINDINGS_CROSSWALKED_SEPARATELY
724,2,1,1,0,False,ASSESSED_FROM_STABILIZED_FULL_FLYOUT_HTML,PRIVATE_LOCAL_ACTIVITY_EVIDENCE_SEARCHED_PUBLIC_FINDINGS_CROSSWALKED_SEPARATELY
725,0,0,0,0,False,ASSESSED_FROM_STABILIZED_FULL_FLYOUT_HTML,PRIVATE_LOCAL_ACTIVITY_EVIDENCE_SEARCHED_PUBLIC_FINDINGS_CROSSWALKED_SEPARATELY
726,2,1,1,0,False,ASSESSED_FROM_STABILIZED_FULL_FLYOUT_HTML,PRIVATE_LOCAL_ACTIVITY_EVIDENCE_SEARCHED_PUBLIC_FINDINGS_CROSSWALKED_SEPARATELY
727,0,0,0,0,False,ASSESSED_FROM_STABILIZED_FULL_FLYOUT_HTML,PRIVATE_LOCAL_ACTIVITY_EVIDENCE_SEARCHED_PUBLIC_FINDINGS_CROSSWALKED_SEPARATELY
728,2,1,1,0,False,ASSESSED_FROM_STABILIZED_FULL_FLYOUT_HTML,PRIVATE_LOCAL_ACTIVITY_EVIDENCE_SEARCHED_PUBLIC_FINDINGS_CROSSWALKED_SEPARATELY
729,0,0,0,0,False,ASSESSED_FROM_STABILIZED_FULL_FLYOUT_HTML,PRIVATE_LOCAL_ACTIVITY_EVIDENCE_SEARCHED_PUBLIC_FINDINGS_CROSSWALKED_SEPARATELY
730,0,0,0,0,False,ASSESSED_FROM_STABILIZED_FULL_FLYOUT_HTML,PRIVATE_LOCAL_ACTIVITY_EVIDENCE_SEARCHED_PUBLIC_FINDINGS_CROSSWALKED_SEPARATELY
731,0,0,0,0,False,ASSESSED_FROM_STABILIZED_FULL_FLYOUT_HTML,PRIVATE_LOCAL_ACTIVITY_EVIDENCE_SEARCHED_PUBLIC_FINDINGS_CROSSWALKED_SEPARATELY
732,0,0,0,0,False,ASSESSED_FROM_STABILIZED_FULL_FLYOUT_HTML,PRIVATE_LOCAL_ACTIVITY_EVIDENCE_SEARCHED_PUBLIC_FINDINGS_CROSSWALKED_SEPARATELY
733,0,0,0,0,False,ASSESSED_FROM_STABILIZED_FULL_FLYOUT_HTML,PRIVATE_LOCAL_ACTIVITY_EVIDENCE_SEARCHED_PUBLIC_FINDINGS_CROSSWALKED_SEPARATELY
734,3,1,2,0,True,ASSESSED_FROM_STABILIZED_FULL_FLYOUT_HTML,PRIVATE_LOCAL_ACTIVITY_EVIDENCE_SEARCHED_PUBLIC_FINDINGS_CROSSWALKED_SEPARATELY
735,0,0,0,0,False,ASSESSED_FROM_STABILIZED_FULL_FLYOUT_HTML,PRIVATE_LOCAL_ACTIVITY_EVIDENCE_SEARCHED_PUBLIC_FINDINGS_CROSSWALKED_SEPARATELY
736,2,1,1,0,False,ASSESSED_FROM_STABILIZED_FULL_FLYOUT_HTML,PRIVATE_LOCAL_ACTIVITY_EVIDENCE_SEARCHED_PUBLIC_FINDINGS_CROSSWALKED_SEPARATELY
737,2,1,1,0,False,ASSESSED_FROM_STABILIZED_FULL_FLYOUT_HTML,PRIVATE_LOCAL_ACTIVITY_EVIDENCE_SEARCHED_PUBLIC_FINDINGS_CROSSWALKED_SEPARATELY
738,0,0,0,0,False,ASSESSED_FROM_STABILIZED_FULL_FLYOUT_HTML,PRIVATE_LOCAL_ACTIVITY_EVIDENCE_SEARCHED_PUBLIC_FINDINGS_CROSSWALKED_SEPARATELY
739,1,1,0,0,False,ASSESSED_FROM_STABILIZED_FULL_FLYOUT_HTML,PRIVATE_LOCAL_ACTIVITY_EVIDENCE_SEARCHED_PUBLIC_FINDINGS_CROSSWALKED_SEPARATELY
740,0,0,0,0,False,ASSESSED_FROM_STABILIZED_FULL_FLYOUT_HTML,PRIVATE_LOCAL_ACTIVITY_EVIDENCE_SEARCHED_PUBLIC_FINDINGS_CROSSWALKED_SEPARATELY
741,0,0,0,0,False,ASSESSED_FROM_STABILIZED_FULL_FLYOUT_HTML,PRIVATE_LOCAL_ACTIVITY_EVIDENCE_SEARCHED_PUBLIC_FINDINGS_CROSSWALKED_SEPARATELY
742,10,1,9,0,True,ASSESSED_FROM_STABILIZED_FULL_FLYOUT_HTML,PRIVATE_LOCAL_ACTIVITY_EVIDENCE_SEARCHED_PUBLIC_FINDINGS_CROSSWALKED_SEPARATELY
743,0,0,0,0,False,ASSESSED_FROM_STABILIZED_FULL_FLYOUT_HTML,PRIVATE_LOCAL_ACTIVITY_EVIDENCE_SEARCHED_PUBLIC_FINDINGS_CROSSWALKED_SEPARATELY
744,2,1,1,0,False,ASSESSED_FROM_STABILIZED_FULL_FLYOUT_HTML,PRIVATE_LOCAL_ACTIVITY_EVIDENCE_SEARCHED_PUBLIC_FINDINGS_CROSSWALKED_SEPARATELY
745,2,1,1,0,True,ASSESSED_FROM_STABILIZED_FULL_FLYOUT_HTML,PRIVATE_LOCAL_ACTIVITY_EVIDENCE_SEARCHED_PUBLIC_FINDINGS_CROSSWALKED_SEPARATELY
746,0,0,0,0,False,ASSESSED_FROM_STABILIZED_FULL_FLYOUT_HTML,PRIVATE_LOCAL_ACTIVITY_EVIDENCE_SEARCHED_PUBLIC_FINDINGS_CROSSWALKED_SEPARATELY
747,2,1,1,0,False,ASSESSED_FROM_STABILIZED_FULL_FLYOUT_HTML,PRIVATE_LOCAL_ACTIVITY_EVIDENCE_SEARCHED_PUBLIC_FINDINGS_CROSSWALKED_SEPARATELY
748,8,1,7,0,True,ASSESSED_FROM_STABILIZED_FULL_FLYOUT_HTML,PRIVATE_LOCAL_ACTIVITY_EVIDENCE_SEARCHED_PUBLIC_FINDINGS_CROSSWALKED_SEPARATELY
749,0,0,0,0,False,ASSESSED_FROM_STABILIZED_FULL_FLYOUT_HTML,PRIVATE_LOCAL_ACTIVITY_EVIDENCE_SEARCHED_PUBLIC_FINDINGS_CROSSWALKED_SEPARATELY
750,10,1,9,0,True,ASSESSED_FROM_STABILIZED_FULL_FLYOUT_HTML,PRIVATE_LOCAL_ACTIVITY_EVIDENCE_SEARCHED_PUBLIC_FINDINGS_CROSSWALKED_SEPARATELY
751,2,1,1,0,True,ASSESSED_FROM_STABILIZED_FULL_FLYOUT_HTML,PRIVATE_LOCAL_ACTIVITY_EVIDENCE_SEARCHED_PUBLIC_FINDINGS_CROSSWALKED_SEPARATELY
752,0,0,0,0,False,ASSESSED_FROM_STABILIZED_FULL_FLYOUT_HTML,PRIVATE_LOCAL_ACTIVITY_EVIDENCE_SEARCHED_PUBLIC_FINDINGS_CROSSWALKED_SEPARATELY
753,2,1,1,0,False,ASSESSED_FROM_STABILIZED_FULL_FLYOUT_HTML,PRIVATE_LOCAL_ACTIVITY_EVIDENCE_SEARCHED_PUBLIC_FINDINGS_CROSSWALKED_SEPARATELY
754,2,1,1,0,False,ASSESSED_FROM_STABILIZED_FULL_FLYOUT_HTML,PRIVATE_LOCAL_ACTIVITY_EVIDENCE_SEARCHED_PUBLIC_FINDINGS_CROSSWALKED_SEPARATELY
755,2,1,1,1,True,ASSESSED_FROM_STABILIZED_FULL_FLYOUT_HTML,PRIVATE_LOCAL_ACTIVITY_EVIDENCE_SEARCHED_PUBLIC_FINDINGS_CROSSWALKED_SEPARATELY
756,2,1,1,0,True,ASSESSED_FROM_STABILIZED_FULL_FLYOUT_HTML,PRIVATE_LOCAL_ACTIVITY_EVIDENCE_SEARCHED_PUBLIC_FINDINGS_CROSSWALKED_SEPARATELY
757,0,0,0,0,False,ASSESSED_FROM_STABILIZED_FULL_FLYOUT_HTML,PRIVATE_LOCAL_ACTIVITY_EVIDENCE_SEARCHED_PUBLIC_FINDINGS_CROSSWALKED_SEPARATELY
758,2,1,1,0,False,ASSESSED_FROM_STABILIZED_FULL_FLYOUT_HTML,PRIVATE_LOCAL_ACTIVITY_EVIDENCE_SEARCHED_PUBLIC_FINDINGS_CROSSWALKED_SEPARATELY
759,2,1,1,0,False,ASSESSED_FROM_STABILIZED_FULL_FLYOUT_HTML,PRIVATE_LOCAL_ACTIVITY_EVIDENCE_SEARCHED_PUBLIC_FINDINGS_CROSSWALKED_SEPARATELY
760,2,1,1,0,False,ASSESSED_FROM_STABILIZED_FULL_FLYOUT_HTML,PRIVATE_LOCAL_ACTIVITY_EVIDENCE_SEARCHED_PUBLIC_FINDINGS_CROSSWALKED_SEPARATELY
761,0,0,0,0,False,ASSESSED_FROM_STABILIZED_FULL_FLYOUT_HTML,PRIVATE_LOCAL_ACTIVITY_EVIDENCE_SEARCHED_PUBLIC_FINDINGS_CROSSWALKED_SEPARATELY
762,2,1,1,0,False,ASSESSED_FROM_STABILIZED_FULL_FLYOUT_HTML,PRIVATE_LOCAL_ACTIVITY_EVIDENCE_SEARCHED_PUBLIC_FINDINGS_CROSSWALKED_SEPARATELY
763,0,0,0,0,False,ASSESSED_FROM_STABILIZED_FULL_FLYOUT_HTML,PRIVATE_LOCAL_ACTIVITY_EVIDENCE_SEARCHED_PUBLIC_FINDINGS_CROSSWALKED_SEPARATELY
764,2,1,1,0,False,ASSESSED_FROM_STABILIZED_FULL_FLYOUT_HTML,PRIVATE_LOCAL_ACTIVITY_EVIDENCE_SEARCHED_PUBLIC_FINDINGS_CROSSWALKED_SEPARATELY
765,2,1,1,0,False,ASSESSED_FROM_STABILIZED_FULL_FLYOUT_HTML,PRIVATE_LOCAL_ACTIVITY_EVIDENCE_SEARCHED_PUBLIC_FINDINGS_CROSSWALKED_SEPARATELY
766,2,1,1,0,True,ASSESSED_FROM_STABILIZED_FULL_FLYOUT_HTML,PRIVATE_LOCAL_ACTIVITY_EVIDENCE_SEARCHED_PUBLIC_FINDINGS_CROSSWALKED_SEPARATELY
767,0,0,0,0,False,ASSESSED_FROM_STABILIZED_FULL_FLYOUT_HTML,PRIVATE_LOCAL_ACTIVITY_EVIDENCE_SEARCHED_PUBLIC_FINDINGS_CROSSWALKED_SEPARATELY
768,1,1,0,0,False,ASSESSED_FROM_STABILIZED_FULL_FLYOUT_HTML,PRIVATE_LOCAL_ACTIVITY_EVIDENCE_SEARCHED_PUBLIC_FINDINGS_CROSSWALKED_SEPARATELY
769,0,0,0,0,False,ASSESSED_FROM_STABILIZED_FULL_FLYOUT_HTML,PRIVATE_LOCAL_ACTIVITY_EVIDENCE_SEARCHED_PUBLIC_FINDINGS_CROSSWALKED_SEPARATELY
770,0,0,0,0,False,ASSESSED_FROM_STABILIZED_FULL_FLYOUT_HTML,PRIVATE_LOCAL_ACTIVITY_EVIDENCE_SEARCHED_PUBLIC_FINDINGS_CROSSWALKED_SEPARATELY
771,2,1,1,0,False,ASSESSED_FROM_STABILIZED_FULL_FLYOUT_HTML,PRIVATE_LOCAL_ACTIVITY_EVIDENCE_SEARCHED_PUBLIC_FINDINGS_CROSSWALKED_SEPARATELY
772,0,0,0,0,False,ASSESSED_FROM_STABILIZED_FULL_FLYOUT_HTML,PRIVATE_LOCAL_ACTIVITY_EVIDENCE_SEARCHED_PUBLIC_FINDINGS_CROSSWALKED_SEPARATELY
773,2,1,1,0,False,ASSESSED_FROM_STABILIZED_FULL_FLYOUT_HTML,PRIVATE_LOCAL_ACTIVITY_EVIDENCE_SEARCHED_PUBLIC_FINDINGS_CROSSWALKED_SEPARATELY
774,2,1,1,1,True,ASSESSED_FROM_STABILIZED_FULL_FLYOUT_HTML,PRIVATE_LOCAL_ACTIVITY_EVIDENCE_SEARCHED_PUBLIC_FINDINGS_CROSSWALKED_SEPARATELY
775,0,0,0,0,False,ASSESSED_FROM_STABILIZED_FULL_FLYOUT_HTML,PRIVATE_LOCAL_ACTIVITY_EVIDENCE_SEARCHED_PUBLIC_FINDINGS_CROSSWALKED_SEPARATELY
776,0,0,0,0,False,ASSESSED_FROM_STABILIZED_FULL_FLYOUT_HTML,PRIVATE_LOCAL_ACTIVITY_EVIDENCE_SEARCHED_PUBLIC_FINDINGS_CROSSWALKED_SEPARATELY
777,22,1,21,0,True,ASSESSED_FROM_STABILIZED_FULL_FLYOUT_HTML,PRIVATE_LOCAL_ACTIVITY_EVIDENCE_SEARCHED_PUBLIC_FINDINGS_CROSSWALKED_SEPARATELY
778,0,0,0,0,False,ASSESSED_FROM_STABILIZED_FULL_FLYOUT_HTML,PRIVATE_LOCAL_ACTIVITY_EVIDENCE_SEARCHED_PUBLIC_FINDINGS_CROSSWALKED_SEPARATELY
779,2,1,1,1,True,ASSESSED_FROM_STABILIZED_FULL_FLYOUT_HTML,PRIVATE_LOCAL_ACTIVITY_EVIDENCE_SEARCHED_PUBLIC_FINDINGS_CROSSWALKED_SEPARATELY
780,14,1,13,0,True,ASSESSED_FROM_STABILIZED_FULL_FLYOUT_HTML,PRIVATE_LOCAL_ACTIVITY_EVIDENCE_SEARCHED_PUBLIC_FINDINGS_CROSSWALKED_SEPARATELY
781,0,0,0,0,False,ASSESSED_FROM_STABILIZED_FULL_FLYOUT_HTML,PRIVATE_LOCAL_ACTIVITY_EVIDENCE_SEARCHED_PUBLIC_FINDINGS_CROSSWALKED_SEPARATELY
782,2,1,1,0,False,ASSESSED_FROM_STABILIZED_FULL_FLYOUT_HTML,PRIVATE_LOCAL_ACTIVITY_EVIDENCE_SEARCHED_PUBLIC_FINDINGS_CROSSWALKED_SEPARATELY
783,2,1,1,0,False,ASSESSED_FROM_STABILIZED_FULL_FLYOUT_HTML,PRIVATE_LOCAL_ACTIVITY_EVIDENCE_SEARCHED_PUBLIC_FINDINGS_CROSSWALKED_SEPARATELY
784,2,1,1,0,False,ASSESSED_FROM_STABILIZED_FULL_FLYOUT_HTML,PRIVATE_LOCAL_ACTIVITY_EVIDENCE_SEARCHED_PUBLIC_FINDINGS_CROSSWALKED_SEPARATELY
785,2,1,1,0,False,ASSESSED_FROM_STABILIZED_FULL_FLYOUT_HTML,PRIVATE_LOCAL_ACTIVITY_EVIDENCE_SEARCHED_PUBLIC_FINDINGS_CROSSWALKED_SEPARATELY
786,2,1,1,0,False,ASSESSED_FROM_STABILIZED_FULL_FLYOUT_HTML,PRIVATE_LOCAL_ACTIVITY_EVIDENCE_SEARCHED_PUBLIC_FINDINGS_CROSSWALKED_SEPARATELY
787,2,1,1,0,False,ASSESSED_FROM_STABILIZED_FULL_FLYOUT_HTML,PRIVATE_LOCAL_ACTIVITY_EVIDENCE_SEARCHED_PUBLIC_FINDINGS_CROSSWALKED_SEPARATELY
788,0,0,0,0,False,ASSESSED_FROM_STABILIZED_FULL_FLYOUT_HTML,PRIVATE_LOCAL_ACTIVITY_EVIDENCE_SEARCHED_PUBLIC_FINDINGS_CROSSWALKED_SEPARATELY
789,2,1,1,0,False,ASSESSED_FROM_STABILIZED_FULL_FLYOUT_HTML,PRIVATE_LOCAL_ACTIVITY_EVIDENCE_SEARCHED_PUBLIC_FINDINGS_CROSSWALKED_SEPARATELY
790,2,1,1,1,True,ASSESSED_FROM_STABILIZED_FULL_FLYOUT_HTML,PRIVATE_LOCAL_ACTIVITY_EVIDENCE_SEARCHED_PUBLIC_FINDINGS_CROSSWALKED_SEPARATELY
791,0,0,0,0,False,ASSESSED_FROM_STABILIZED_FULL_FLYOUT_HTML,PRIVATE_LOCAL_ACTIVITY_EVIDENCE_SEARCHED_PUBLIC_FINDINGS_CROSSWALKED_SEPARATELY
792,2,1,1,0,False,ASSESSED_FROM_STABILIZED_FULL_FLYOUT_HTML,PRIVATE_LOCAL_ACTIVITY_EVIDENCE_SEARCHED_PUBLIC_FINDINGS_CROSSWALKED_SEPARATELY
793,1,1,0,0,False,ASSESSED_FROM_STABILIZED_FULL_FLYOUT_HTML,PRIVATE_LOCAL_ACTIVITY_EVIDENCE_SEARCHED_PUBLIC_FINDINGS_CROSSWALKED_SEPARATELY
794,0,0,0,0,False,ASSESSED_FROM_STABILIZED_FULL_FLYOUT_HTML,PRIVATE_LOCAL_ACTIVITY_EVIDENCE_SEARCHED_PUBLIC_FINDINGS_CROSSWALKED_SEPARATELY
795,2,1,1,0,False,ASSESSED_FROM_STABILIZED_FULL_FLYOUT_HTML,PRIVATE_LOCAL_ACTIVITY_EVIDENCE_SEARCHED_PUBLIC_FINDINGS_CROSSWALKED_SEPARATELY
796,0,0,0,0,False,ASSESSED_FROM_STABILIZED_FULL_FLYOUT_HTML,PRIVATE_LOCAL_ACTIVITY_EVIDENCE_SEARCHED_PUBLIC_FINDINGS_CROSSWALKED_SEPARATELY
797,2,1,1,0,False,ASSESSED_FROM_STABILIZED_FULL_FLYOUT_HTML,PRIVATE_LOCAL_ACTIVITY_EVIDENCE_SEARCHED_PUBLIC_FINDINGS_CROSSWALKED_SEPARATELY
798,2,1,1,0,False,ASSESSED_FROM_STABILIZED_FULL_FLYOUT_HTML,PRIVATE_LOCAL_ACTIVITY_EVIDENCE_SEARCHED_PUBLIC_FINDINGS_CROSSWALKED_SEPARATELY
799,2,1,1,0,False,ASSESSED_FROM_STABILIZED_FULL_FLYOUT_HTML,PRIVATE_LOCAL_ACTIVITY_EVIDENCE_SEARCHED_PUBLIC_FINDINGS_CROSSWALKED_SEPARATELY
800,0,0,0,0,False,ASSESSED_FROM_STABILIZED_FULL_FLYOUT_HTML,PRIVATE_LOCAL_ACTIVITY_EVIDENCE_SEARCHED_PUBLIC_FINDINGS_CROSSWALKED_SEPARATELY
801,0,0,0,0,False,ASSESSED_FROM_STABILIZED_FULL_FLYOUT_HTML,PRIVATE_LOCAL_ACTIVITY_EVIDENCE_SEARCHED_PUBLIC_FINDINGS_CROSSWALKED_SEPARATELY
802,2,1,1,0,False,ASSESSED_FROM_STABILIZED_FULL_FLYOUT_HTML,PRIVATE_LOCAL_ACTIVITY_EVIDENCE_SEARCHED_PUBLIC_FINDINGS_CROSSWALKED_SEPARATELY
803,2,1,1,0,False,ASSESSED_FROM_STABILIZED_FULL_FLYOUT_HTML,PRIVATE_LOCAL_ACTIVITY_EVIDENCE_SEARCHED_PUBLIC_FINDINGS_CROSSWALKED_SEPARATELY
804,1,1,0,0,False,ASSESSED_FROM_STABILIZED_FULL_FLYOUT_HTML,PRIVATE_LOCAL_ACTIVITY_EVIDENCE_SEARCHED_PUBLIC_FINDINGS_CROSSWALKED_SEPARATELY
805,0,0,0,0,False,ASSESSED_FROM_STABILIZED_FULL_FLYOUT_HTML,PRIVATE_LOCAL_ACTIVITY_EVIDENCE_SEARCHED_PUBLIC_FINDINGS_CROSSWALKED_SEPARATELY
806,0,0,0,0,False,ASSESSED_FROM_STABILIZED_FULL_FLYOUT_HTML,PRIVATE_LOCAL_ACTIVITY_EVIDENCE_SEARCHED_PUBLIC_FINDINGS_CROSSWALKED_SEPARATELY
807,2,1,1,0,True,ASSESSED_FROM_STABILIZED_FULL_FLYOUT_HTML,PRIVATE_LOCAL_ACTIVITY_EVIDENCE_SEARCHED_PUBLIC_FINDINGS_CROSSWALKED_SEPARATELY
808,0,0,0,0,False,ASSESSED_FROM_STABILIZED_FULL_FLYOUT_HTML,PRIVATE_LOCAL_ACTIVITY_EVIDENCE_SEARCHED_PUBLIC_FINDINGS_CROSSWALKED_SEPARATELY
809,0,0,0,0,False,ASSESSED_FROM_STABILIZED_FULL_FLYOUT_HTML,PRIVATE_LOCAL_ACTIVITY_EVIDENCE_SEARCHED_PUBLIC_FINDINGS_CROSSWALKED_SEPARATELY
810,2,1,1,0,False,ASSESSED_FROM_STABILIZED_FULL_FLYOUT_HTML,PRIVATE_LOCAL_ACTIVITY_EVIDENCE_SEARCHED_PUBLIC_FINDINGS_CROSSWALKED_SEPARATELY
811,5,1,4,0,True,ASSESSED_FROM_STABILIZED_FULL_FLYOUT_HTML,PRIVATE_LOCAL_ACTIVITY_EVIDENCE_SEARCHED_PUBLIC_FINDINGS_CROSSWALKED_SEPARATELY
812,1,1,0,1,True,ASSESSED_FROM_STABILIZED_FULL_FLYOUT_HTML,PRIVATE_LOCAL_ACTIVITY_EVIDENCE_SEARCHED_PUBLIC_FINDINGS_CROSSWALKED_SEPARATELY
813,0,0,0,0,False,ASSESSED_FROM_STABILIZED_FULL_FLYOUT_HTML,PRIVATE_LOCAL_ACTIVITY_EVIDENCE_SEARCHED_PUBLIC_FINDINGS_CROSSWALKED_SEPARATELY
814,2,1,1,0,True,ASSESSED_FROM_STABILIZED_FULL_FLYOUT_HTML,PRIVATE_LOCAL_ACTIVITY_EVIDENCE_SEARCHED_PUBLIC_FINDINGS_CROSSWALKED_SEPARATELY
815,2,1,1,0,False,ASSESSED_FROM_STABILIZED_FULL_FLYOUT_HTML,PRIVATE_LOCAL_ACTIVITY_EVIDENCE_SEARCHED_PUBLIC_FINDINGS_CROSSWALKED_SEPARATELY
816,3,1,2,0,True,ASSESSED_FROM_STABILIZED_FULL_FLYOUT_HTML,PRIVATE_LOCAL_ACTIVITY_EVIDENCE_SEARCHED_PUBLIC_FINDINGS_CROSSWALKED_SEPARATELY
817,2,1,1,0,False,ASSESSED_FROM_STABILIZED_FULL_FLYOUT_HTML,PRIVATE_LOCAL_ACTIVITY_EVIDENCE_SEARCHED_PUBLIC_FINDINGS_CROSSWALKED_SEPARATELY
818,0,0,0,0,False,ASSESSED_FROM_STABILIZED_FULL_FLYOUT_HTML,PRIVATE_LOCAL_ACTIVITY_EVIDENCE_SEARCHED_PUBLIC_FINDINGS_CROSSWALKED_SEPARATELY
819,0,0,0,0,False,ASSESSED_FROM_STABILIZED_FULL_FLYOUT_HTML,PRIVATE_LOCAL_ACTIVITY_EVIDENCE_SEARCHED_PUBLIC_FINDINGS_CROSSWALKED_SEPARATELY
820,2,1,1,0,False,ASSESSED_FROM_STABILIZED_FULL_FLYOUT_HTML,PRIVATE_LOCAL_ACTIVITY_EVIDENCE_SEARCHED_PUBLIC_FINDINGS_CROSSWALKED_SEPARATELY
821,2,1,1,0,False,ASSESSED_FROM_STABILIZED_FULL_FLYOUT_HTML,PRIVATE_LOCAL_ACTIVITY_EVIDENCE_SEARCHED_PUBLIC_FINDINGS_CROSSWALKED_SEPARATELY
822,2,1,1,0,True,ASSESSED_FROM_STABILIZED_FULL_FLYOUT_HTML,PRIVATE_LOCAL_ACTIVITY_EVIDENCE_SEARCHED_PUBLIC_FINDINGS_CROSSWALKED_SEPARATELY
823,0,0,0,0,False,ASSESSED_FROM_STABILIZED_FULL_FLYOUT_HTML,PRIVATE_LOCAL_ACTIVITY_EVIDENCE_SEARCHED_PUBLIC_FINDINGS_CROSSWALKED_SEPARATELY
824,2,1,1,0,False,ASSESSED_FROM_STABILIZED_FULL_FLYOUT_HTML,PRIVATE_LOCAL_ACTIVITY_EVIDENCE_SEARCHED_PUBLIC_FINDINGS_CROSSWALKED_SEPARATELY
825,2,1,1,0,True,ASSESSED_FROM_STABILIZED_FULL_FLYOUT_HTML,PRIVATE_LOCAL_ACTIVITY_EVIDENCE_SEARCHED_PUBLIC_FINDINGS_CROSSWALKED_SEPARATELY
826,2,1,1,0,False,ASSESSED_FROM_STABILIZED_FULL_FLYOUT_HTML,PRIVATE_LOCAL_ACTIVITY_EVIDENCE_SEARCHED_PUBLIC_FINDINGS_CROSSWALKED_SEPARATELY
827,6,1,5,0,True,ASSESSED_FROM_STABILIZED_FULL_FLYOUT_HTML,PRIVATE_LOCAL_ACTIVITY_EVIDENCE_SEARCHED_PUBLIC_FINDINGS_CROSSWALKED_SEPARATELY
828,11,1,10,0,True,ASSESSED_FROM_STABILIZED_FULL_FLYOUT_HTML,PRIVATE_LOCAL_ACTIVITY_EVIDENCE_SEARCHED_PUBLIC_FINDINGS_CROSSWALKED_SEPARATELY
829,0,0,0,0,False,ASSESSED_FROM_STABILIZED_FULL_FLYOUT_HTML,PRIVATE_LOCAL_ACTIVITY_EVIDENCE_SEARCHED_PUBLIC_FINDINGS_CROSSWALKED_SEPARATELY
830,2,1,1,0,False,ASSESSED_FROM_STABILIZED_FULL_FLYOUT_HTML,PRIVATE_LOCAL_ACTIVITY_EVIDENCE_SEARCHED_PUBLIC_FINDINGS_CROSSWALKED_SEPARATELY
831,2,1,1,0,False,ASSESSED_FROM_STABILIZED_FULL_FLYOUT_HTML,PRIVATE_LOCAL_ACTIVITY_EVIDENCE_SEARCHED_PUBLIC_FINDINGS_CROSSWALKED_SEPARATELY
832,0,0,0,0,False,ASSESSED_FROM_STABILIZED_FULL_FLYOUT_HTML,PRIVATE_LOCAL_ACTIVITY_EVIDENCE_SEARCHED_PUBLIC_FINDINGS_CROSSWALKED_SEPARATELY
833,2,1,1,0,False,ASSESSED_FROM_STABILIZED_FULL_FLYOUT_HTML,PRIVATE_LOCAL_ACTIVITY_EVIDENCE_SEARCHED_PUBLIC_FINDINGS_CROSSWALKED_SEPARATELY
834,2,1,1,0,False,ASSESSED_FROM_STABILIZED_FULL_FLYOUT_HTML,PRIVATE_LOCAL_ACTIVITY_EVIDENCE_SEARCHED_PUBLIC_FINDINGS_CROSSWALKED_SEPARATELY
835,2,1,1,0,True,ASSESSED_FROM_STABILIZED_FULL_FLYOUT_HTML,PRIVATE_LOCAL_ACTIVITY_EVIDENCE_SEARCHED_PUBLIC_FINDINGS_CROSSWALKED_SEPARATELY
836,0,0,0,0,False,ASSESSED_FROM_STABILIZED_FULL_FLYOUT_HTML,PRIVATE_LOCAL_ACTIVITY_EVIDENCE_SEARCHED_PUBLIC_FINDINGS_CROSSWALKED_SEPARATELY
837,2,1,1,0,False,ASSESSED_FROM_STABILIZED_FULL_FLYOUT_HTML,PRIVATE_LOCAL_ACTIVITY_EVIDENCE_SEARCHED_PUBLIC_FINDINGS_CROSSWALKED_SEPARATELY
838,2,1,1,0,False,ASSESSED_FROM_STABILIZED_FULL_FLYOUT_HTML,PRIVATE_LOCAL_ACTIVITY_EVIDENCE_SEARCHED_PUBLIC_FINDINGS_CROSSWALKED_SEPARATELY
839,0,0,0,0,False,ASSESSED_FROM_STABILIZED_FULL_FLYOUT_HTML,PRIVATE_LOCAL_ACTIVITY_EVIDENCE_SEARCHED_PUBLIC_FINDINGS_CROSSWALKED_SEPARATELY
840,2,1,1,0,False,ASSESSED_FROM_STABILIZED_FULL_FLYOUT_HTML,PRIVATE_LOCAL_ACTIVITY_EVIDENCE_SEARCHED_PUBLIC_FINDINGS_CROSSWALKED_SEPARATELY
841,0,0,0,0,False,ASSESSED_FROM_STABILIZED_FULL_FLYOUT_HTML,PRIVATE_LOCAL_ACTIVITY_EVIDENCE_SEARCHED_PUBLIC_FINDINGS_CROSSWALKED_SEPARATELY
842,12,1,11,0,True,ASSESSED_FROM_STABILIZED_FULL_FLYOUT_HTML,PRIVATE_LOCAL_ACTIVITY_EVIDENCE_SEARCHED_PUBLIC_FINDINGS_CROSSWALKED_SEPARATELY
843,2,1,1,0,True,ASSESSED_FROM_STABILIZED_FULL_FLYOUT_HTML,PRIVATE_LOCAL_ACTIVITY_EVIDENCE_SEARCHED_PUBLIC_FINDINGS_CROSSWALKED_SEPARATELY
844,2,1,1,1,True,ASSESSED_FROM_STABILIZED_FULL_FLYOUT_HTML,PRIVATE_LOCAL_ACTIVITY_EVIDENCE_SEARCHED_PUBLIC_FINDINGS_CROSSWALKED_SEPARATELY
845,2,1,1,0,True,ASSESSED_FROM_STABILIZED_FULL_FLYOUT_HTML,PRIVATE_LOCAL_ACTIVITY_EVIDENCE_SEARCHED_PUBLIC_FINDINGS_CROSSWALKED_SEPARATELY
846,2,1,1,0,False,ASSESSED_FROM_STABILIZED_FULL_FLYOUT_HTML,PRIVATE_LOCAL_ACTIVITY_EVIDENCE_SEARCHED_PUBLIC_FINDINGS_CROSSWALKED_SEPARATELY
847,2,1,1,0,False,ASSESSED_FROM_STABILIZED_FULL_FLYOUT_HTML,PRIVATE_LOCAL_ACTIVITY_EVIDENCE_SEARCHED_PUBLIC_FINDINGS_CROSSWALKED_SEPARATELY
848,2,1,1,0,False,ASSESSED_FROM_STABILIZED_FULL_FLYOUT_HTML,PRIVATE_LOCAL_ACTIVITY_EVIDENCE_SEARCHED_PUBLIC_FINDINGS_CROSSWALKED_SEPARATELY
849,2,1,1,0,False,ASSESSED_FROM_STABILIZED_FULL_FLYOUT_HTML,PRIVATE_LOCAL_ACTIVITY_EVIDENCE_SEARCHED_PUBLIC_FINDINGS_CROSSWALKED_SEPARATELY
850,0,0,0,0,False,ASSESSED_FROM_STABILIZED_FULL_FLYOUT_HTML,PRIVATE_LOCAL_ACTIVITY_EVIDENCE_SEARCHED_PUBLIC_FINDINGS_CROSSWALKED_SEPARATELY
851,2,1,1,0,False,ASSESSED_FROM_STABILIZED_FULL_FLYOUT_HTML,PRIVATE_LOCAL_ACTIVITY_EVIDENCE_SEARCHED_PUBLIC_FINDINGS_CROSSWALKED_SEPARATELY
852,2,1,1,0,False,ASSESSED_FROM_STABILIZED_FULL_FLYOUT_HTML,PRIVATE_LOCAL_ACTIVITY_EVIDENCE_SEARCHED_PUBLIC_FINDINGS_CROSSWALKED_SEPARATELY
853,2,1,1,0,False,ASSESSED_FROM_STABILIZED_FULL_FLYOUT_HTML,PRIVATE_LOCAL_ACTIVITY_EVIDENCE_SEARCHED_PUBLIC_FINDINGS_CROSSWALKED_SEPARATELY
854,2,1,1,0,False,ASSESSED_FROM_STABILIZED_FULL_FLYOUT_HTML,PRIVATE_LOCAL_ACTIVITY_EVIDENCE_SEARCHED_PUBLIC_FINDINGS_CROSSWALKED_SEPARATELY
855,0,0,0,0,False,ASSESSED_FROM_STABILIZED_FULL_FLYOUT_HTML,PRIVATE_LOCAL_ACTIVITY_EVIDENCE_SEARCHED_PUBLIC_FINDINGS_CROSSWALKED_SEPARATELY
856,0,0,0,0,False,ASSESSED_FROM_STABILIZED_FULL_FLYOUT_HTML,PRIVATE_LOCAL_ACTIVITY_EVIDENCE_SEARCHED_PUBLIC_FINDINGS_CROSSWALKED_SEPARATELY
857,0,0,0,0,False,ASSESSED_FROM_STABILIZED_FULL_FLYOUT_HTML,PRIVATE_LOCAL_ACTIVITY_EVIDENCE_SEARCHED_PUBLIC_FINDINGS_CROSSWALKED_SEPARATELY
858,0,0,0,0,False,ASSESSED_FROM_STABILIZED_FULL_FLYOUT_HTML,PRIVATE_LOCAL_ACTIVITY_EVIDENCE_SEARCHED_PUBLIC_FINDINGS_CROSSWALKED_SEPARATELY
859,0,0,0,0,False,ASSESSED_FROM_STABILIZED_FULL_FLYOUT_HTML,PRIVATE_LOCAL_ACTIVITY_EVIDENCE_SEARCHED_PUBLIC_FINDINGS_CROSSWALKED_SEPARATELY
860,2,1,1,0,True,ASSESSED_FROM_STABILIZED_FULL_FLYOUT_HTML,PRIVATE_LOCAL_ACTIVITY_EVIDENCE_SEARCHED_PUBLIC_FINDINGS_CROSSWALKED_SEPARATELY
861,0,0,0,0,False,ASSESSED_FROM_STABILIZED_FULL_FLYOUT_HTML,PRIVATE_LOCAL_ACTIVITY_EVIDENCE_SEARCHED_PUBLIC_FINDINGS_CROSSWALKED_SEPARATELY
862,2,1,1,0,False,ASSESSED_FROM_STABILIZED_FULL_FLYOUT_HTML,PRIVATE_LOCAL_ACTIVITY_EVIDENCE_SEARCHED_PUBLIC_FINDINGS_CROSSWALKED_SEPARATELY
863,2,1,1,0,True,ASSESSED_FROM_STABILIZED_FULL_FLYOUT_HTML,PRIVATE_LOCAL_ACTIVITY_EVIDENCE_SEARCHED_PUBLIC_FINDINGS_CROSSWALKED_SEPARATELY
864,0,0,0,0,False,ASSESSED_FROM_STABILIZED_FULL_FLYOUT_HTML,PRIVATE_LOCAL_ACTIVITY_EVIDENCE_SEARCHED_PUBLIC_FINDINGS_CROSSWALKED_SEPARATELY
865,0,0,0,0,False,ASSESSED_FROM_STABILIZED_FULL_FLYOUT_HTML,PRIVATE_LOCAL_ACTIVITY_EVIDENCE_SEARCHED_PUBLIC_FINDINGS_CROSSWALKED_SEPARATELY
866,2,1,1,0,False,ASSESSED_FROM_STABILIZED_FULL_FLYOUT_HTML,PRIVATE_LOCAL_ACTIVITY_EVIDENCE_SEARCHED_PUBLIC_FINDINGS_CROSSWALKED_SEPARATELY
867,20,1,19,0,True,ASSESSED_FROM_STABILIZED_FULL_FLYOUT_HTML,PRIVATE_LOCAL_ACTIVITY_EVIDENCE_SEARCHED_PUBLIC_FINDINGS_CROSSWALKED_SEPARATELY
868,11,1,10,0,True,ASSESSED_FROM_STABILIZED_FULL_FLYOUT_HTML,PRIVATE_LOCAL_ACTIVITY_EVIDENCE_SEARCHED_PUBLIC_FINDINGS_CROSSWALKED_SEPARATELY
869,0,0,0,0,False,ASSESSED_FROM_STABILIZED_FULL_FLYOUT_HTML,PRIVATE_LOCAL_ACTIVITY_EVIDENCE_SEARCHED_PUBLIC_FINDINGS_CROSSWALKED_SEPARATELY
870,2,1,1,1,True,ASSESSED_FROM_STABILIZED_FULL_FLYOUT_HTML,PRIVATE_LOCAL_ACTIVITY_EVIDENCE_SEARCHED_PUBLIC_FINDINGS_CROSSWALKED_SEPARATELY
871,2,1,1,0,True,ASSESSED_FROM_STABILIZED_FULL_FLYOUT_HTML,PRIVATE_LOCAL_ACTIVITY_EVIDENCE_SEARCHED_PUBLIC_FINDINGS_CROSSWALKED_SEPARATELY
872,0,0,0,0,False,ASSESSED_FROM_STABILIZED_FULL_FLYOUT_HTML,PRIVATE_LOCAL_ACTIVITY_EVIDENCE_SEARCHED_PUBLIC_FINDINGS_CROSSWALKED_SEPARATELY
873,21,1,20,0,True,ASSESSED_FROM_STABILIZED_FULL_FLYOUT_HTML,PRIVATE_LOCAL_ACTIVITY_EVIDENCE_SEARCHED_PUBLIC_FINDINGS_CROSSWALKED_SEPARATELY
874,21,1,20,0,True,ASSESSED_FROM_STABILIZED_FULL_FLYOUT_HTML,PRIVATE_LOCAL_ACTIVITY_EVIDENCE_SEARCHED_PUBLIC_FINDINGS_CROSSWALKED_SEPARATELY
875,2,1,1,1,True,ASSESSED_FROM_STABILIZED_FULL_FLYOUT_HTML,PRIVATE_LOCAL_ACTIVITY_EVIDENCE_SEARCHED_PUBLIC_FINDINGS_CROSSWALKED_SEPARATELY
876,0,0,0,0,False,ASSESSED_FROM_STABILIZED_FULL_FLYOUT_HTML,PRIVATE_LOCAL_ACTIVITY_EVIDENCE_SEARCHED_PUBLIC_FINDINGS_CROSSWALKED_SEPARATELY
877,16,1,15,0,True,ASSESSED_FROM_STABILIZED_FULL_FLYOUT_HTML,PRIVATE_LOCAL_ACTIVITY_EVIDENCE_SEARCHED_PUBLIC_FINDINGS_CROSSWALKED_SEPARATELY
878,8,1,7,0,True,ASSESSED_FROM_STABILIZED_FULL_FLYOUT_HTML,PRIVATE_LOCAL_ACTIVITY_EVIDENCE_SEARCHED_PUBLIC_FINDINGS_CROSSWALKED_SEPARATELY
879,0,0,0,0,False,ASSESSED_FROM_STABILIZED_FULL_FLYOUT_HTML,PRIVATE_LOCAL_ACTIVITY_EVIDENCE_SEARCHED_PUBLIC_FINDINGS_CROSSWALKED_SEPARATELY
880,0,0,0,0,False,ASSESSED_FROM_STABILIZED_FULL_FLYOUT_HTML,PRIVATE_LOCAL_ACTIVITY_EVIDENCE_SEARCHED_PUBLIC_FINDINGS_CROSSWALKED_SEPARATELY
881,2,1,1,0,False,ASSESSED_FROM_STABILIZED_FULL_FLYOUT_HTML,PRIVATE_LOCAL_ACTIVITY_EVIDENCE_SEARCHED_PUBLIC_FINDINGS_CROSSWALKED_SEPARATELY
882,2,1,1,1,True,ASSESSED_FROM_STABILIZED_FULL_FLYOUT_HTML,PRIVATE_LOCAL_ACTIVITY_EVIDENCE_SEARCHED_PUBLIC_FINDINGS_CROSSWALKED_SEPARATELY
883,2,1,1,1,True,ASSESSED_FROM_STABILIZED_FULL_FLYOUT_HTML,PRIVATE_LOCAL_ACTIVITY_EVIDENCE_SEARCHED_PUBLIC_FINDINGS_CROSSWALKED_SEPARATELY
884,0,0,0,0,False,ASSESSED_FROM_STABILIZED_FULL_FLYOUT_HTML,PRIVATE_LOCAL_ACTIVITY_EVIDENCE_SEARCHED_PUBLIC_FINDINGS_CROSSWALKED_SEPARATELY
885,2,1,1,0,False,ASSESSED_FROM_STABILIZED_FULL_FLYOUT_HTML,PRIVATE_LOCAL_ACTIVITY_EVIDENCE_SEARCHED_PUBLIC_FINDINGS_CROSSWALKED_SEPARATELY
886,0,0,0,0,False,ASSESSED_FROM_STABILIZED_FULL_FLYOUT_HTML,PRIVATE_LOCAL_ACTIVITY_EVIDENCE_SEARCHED_PUBLIC_FINDINGS_CROSSWALKED_SEPARATELY
887,0,0,0,0,False,ASSESSED_FROM_STABILIZED_FULL_FLYOUT_HTML,PRIVATE_LOCAL_ACTIVITY_EVIDENCE_SEARCHED_PUBLIC_FINDINGS_CROSSWALKED_SEPARATELY
888,2,1,1,0,False,ASSESSED_FROM_STABILIZED_FULL_FLYOUT_HTML,PRIVATE_LOCAL_ACTIVITY_EVIDENCE_SEARCHED_PUBLIC_FINDINGS_CROSSWALKED_SEPARATELY
889,0,0,0,0,False,ASSESSED_FROM_STABILIZED_FULL_FLYOUT_HTML,PRIVATE_LOCAL_ACTIVITY_EVIDENCE_SEARCHED_PUBLIC_FINDINGS_CROSSWALKED_SEPARATELY
890,2,1,1,0,False,ASSESSED_FROM_STABILIZED_FULL_FLYOUT_HTML,PRIVATE_LOCAL_ACTIVITY_EVIDENCE_SEARCHED_PUBLIC_FINDINGS_CROSSWALKED_SEPARATELY
891,2,1,1,0,False,ASSESSED_FROM_STABILIZED_FULL_FLYOUT_HTML,PRIVATE_LOCAL_ACTIVITY_EVIDENCE_SEARCHED_PUBLIC_FINDINGS_CROSSWALKED_SEPARATELY
892,2,1,1,0,False,ASSESSED_FROM_STABILIZED_FULL_FLYOUT_HTML,PRIVATE_LOCAL_ACTIVITY_EVIDENCE_SEARCHED_PUBLIC_FINDINGS_CROSSWALKED_SEPARATELY
893,2,1,1,0,False,ASSESSED_FROM_STABILIZED_FULL_FLYOUT_HTML,PRIVATE_LOCAL_ACTIVITY_EVIDENCE_SEARCHED_PUBLIC_FINDINGS_CROSSWALKED_SEPARATELY
894,1,1,0,0,False,ASSESSED_FROM_STABILIZED_FULL_FLYOUT_HTML,PRIVATE_LOCAL_ACTIVITY_EVIDENCE_SEARCHED_PUBLIC_FINDINGS_CROSSWALKED_SEPARATELY
895,0,0,0,0,False,ASSESSED_FROM_STABILIZED_FULL_FLYOUT_HTML,PRIVATE_LOCAL_ACTIVITY_EVIDENCE_SEARCHED_PUBLIC_FINDINGS_CROSSWALKED_SEPARATELY
896,0,0,0,0,False,ASSESSED_FROM_STABILIZED_FULL_FLYOUT_HTML,PRIVATE_LOCAL_ACTIVITY_EVIDENCE_SEARCHED_PUBLIC_FINDINGS_CROSSWALKED_SEPARATELY
897,0,0,0,0,False,ASSESSED_FROM_STABILIZED_FULL_FLYOUT_HTML,PRIVATE_LOCAL_ACTIVITY_EVIDENCE_SEARCHED_PUBLIC_FINDINGS_CROSSWALKED_SEPARATELY
898,0,0,0,0,False,ASSESSED_FROM_STABILIZED_FULL_FLYOUT_HTML,PRIVATE_LOCAL_ACTIVITY_EVIDENCE_SEARCHED_PUBLIC_FINDINGS_CROSSWALKED_SEPARATELY
899,1,1,0,0,False,ASSESSED_FROM_STABILIZED_FULL_FLYOUT_HTML,PRIVATE_LOCAL_ACTIVITY_EVIDENCE_SEARCHED_PUBLIC_FINDINGS_CROSSWALKED_SEPARATELY
900,0,0,0,0,False,ASSESSED_FROM_STABILIZED_FULL_FLYOUT_HTML,PRIVATE_LOCAL_ACTIVITY_EVIDENCE_SEARCHED_PUBLIC_FINDINGS_CROSSWALKED_SEPARATELY
901,2,1,1,0,False,ASSESSED_FROM_STABILIZED_FULL_FLYOUT_HTML,PRIVATE_LOCAL_ACTIVITY_EVIDENCE_SEARCHED_PUBLIC_FINDINGS_CROSSWALKED_SEPARATELY
902,2,1,1,0,False,ASSESSED_FROM_STABILIZED_FULL_FLYOUT_HTML,PRIVATE_LOCAL_ACTIVITY_EVIDENCE_SEARCHED_PUBLIC_FINDINGS_CROSSWALKED_SEPARATELY
903,2,1,1,0,False,ASSESSED_FROM_STABILIZED_FULL_FLYOUT_HTML,PRIVATE_LOCAL_ACTIVITY_EVIDENCE_SEARCHED_PUBLIC_FINDINGS_CROSSWALKED_SEPARATELY
904,0,0,0,0,False,ASSESSED_FROM_STABILIZED_FULL_FLYOUT_HTML,PRIVATE_LOCAL_ACTIVITY_EVIDENCE_SEARCHED_PUBLIC_FINDINGS_CROSSWALKED_SEPARATELY
905,7,1,6,3,True,ASSESSED_FROM_STABILIZED_FULL_FLYOUT_HTML,PRIVATE_LOCAL_ACTIVITY_EVIDENCE_SEARCHED_PUBLIC_FINDINGS_CROSSWALKED_SEPARATELY
906,2,1,1,0,False,ASSESSED_FROM_STABILIZED_FULL_FLYOUT_HTML,PRIVATE_LOCAL_ACTIVITY_EVIDENCE_SEARCHED_PUBLIC_FINDINGS_CROSSWALKED_SEPARATELY
907,0,0,0,0,False,ASSESSED_FROM_STABILIZED_FULL_FLYOUT_HTML,PRIVATE_LOCAL_ACTIVITY_EVIDENCE_SEARCHED_PUBLIC_FINDINGS_CROSSWALKED_SEPARATELY
908,0,0,0,0,False,ASSESSED_FROM_STABILIZED_FULL_FLYOUT_HTML,PRIVATE_LOCAL_ACTIVITY_EVIDENCE_SEARCHED_PUBLIC_FINDINGS_CROSSWALKED_SEPARATELY
909,0,0,0,0,False,ASSESSED_FROM_STABILIZED_FULL_FLYOUT_HTML,PRIVATE_LOCAL_ACTIVITY_EVIDENCE_SEARCHED_PUBLIC_FINDINGS_CROSSWALKED_SEPARATELY
910,2,1,1,0,False,ASSESSED_FROM_STABILIZED_FULL_FLYOUT_HTML,PRIVATE_LOCAL_ACTIVITY_EVIDENCE_SEARCHED_PUBLIC_FINDINGS_CROSSWALKED_SEPARATELY
911,0,0,0,0,False,ASSESSED_FROM_STABILIZED_FULL_FLYOUT_HTML,PRIVATE_LOCAL_ACTIVITY_EVIDENCE_SEARCHED_PUBLIC_FINDINGS_CROSSWALKED_SEPARATELY
912,2,1,1,0,False,ASSESSED_FROM_STABILIZED_FULL_FLYOUT_HTML,PRIVATE_LOCAL_ACTIVITY_EVIDENCE_SEARCHED_PUBLIC_FINDINGS_CROSSWALKED_SEPARATELY
913,0,0,0,0,False,ASSESSED_FROM_STABILIZED_FULL_FLYOUT_HTML,PRIVATE_LOCAL_ACTIVITY_EVIDENCE_SEARCHED_PUBLIC_FINDINGS_CROSSWALKED_SEPARATELY
914,1,1,0,0,True,ASSESSED_FROM_STABILIZED_FULL_FLYOUT_HTML,PRIVATE_LOCAL_ACTIVITY_EVIDENCE_SEARCHED_PUBLIC_FINDINGS_CROSSWALKED_SEPARATELY
915,0,0,0,0,False,ASSESSED_FROM_STABILIZED_FULL_FLYOUT_HTML,PRIVATE_LOCAL_ACTIVITY_EVIDENCE_SEARCHED_PUBLIC_FINDINGS_CROSSWALKED_SEPARATELY
916,0,0,0,0,False,ASSESSED_FROM_STABILIZED_FULL_FLYOUT_HTML,PRIVATE_LOCAL_ACTIVITY_EVIDENCE_SEARCHED_PUBLIC_FINDINGS_CROSSWALKED_SEPARATELY
917,6,1,5,0,False,ASSESSED_FROM_STABILIZED_FULL_FLYOUT_HTML,PRIVATE_LOCAL_ACTIVITY_EVIDENCE_SEARCHED_PUBLIC_FINDINGS_CROSSWALKED_SEPARATELY
918,0,0,0,0,False,ASSESSED_FROM_STABILIZED_FULL_FLYOUT_HTML,PRIVATE_LOCAL_ACTIVITY_EVIDENCE_SEARCHED_PUBLIC_FINDINGS_CROSSWALKED_SEPARATELY
919,0,0,0,0,False,ASSESSED_FROM_STABILIZED_FULL_FLYOUT_HTML,PRIVATE_LOCAL_ACTIVITY_EVIDENCE_SEARCHED_PUBLIC_FINDINGS_CROSSWALKED_SEPARATELY
920,2,1,1,0,False,ASSESSED_FROM_STABILIZED_FULL_FLYOUT_HTML,PRIVATE_LOCAL_ACTIVITY_EVIDENCE_SEARCHED_PUBLIC_FINDINGS_CROSSWALKED_SEPARATELY
921,2,1,1,0,False,ASSESSED_FROM_STABILIZED_FULL_FLYOUT_HTML,PRIVATE_LOCAL_ACTIVITY_EVIDENCE_SEARCHED_PUBLIC_FINDINGS_CROSSWALKED_SEPARATELY
922,0,0,0,0,False,ASSESSED_FROM_STABILIZED_FULL_FLYOUT_HTML,PRIVATE_LOCAL_ACTIVITY_EVIDENCE_SEARCHED_PUBLIC_FINDINGS_CROSSWALKED_SEPARATELY
923,2,1,1,0,False,ASSESSED_FROM_STABILIZED_FULL_FLYOUT_HTML,PRIVATE_LOCAL_ACTIVITY_EVIDENCE_SEARCHED_PUBLIC_FINDINGS_CROSSWALKED_SEPARATELY
924,2,1,1,1,True,ASSESSED_FROM_STABILIZED_FULL_FLYOUT_HTML,PRIVATE_LOCAL_ACTIVITY_EVIDENCE_SEARCHED_PUBLIC_FINDINGS_CROSSWALKED_SEPARATELY
925,0,0,0,0,False,ASSESSED_FROM_STABILIZED_FULL_FLYOUT_HTML,PRIVATE_LOCAL_ACTIVITY_EVIDENCE_SEARCHED_PUBLIC_FINDINGS_CROSSWALKED_SEPARATELY
926,2,1,1,0,False,ASSESSED_FROM_STABILIZED_FULL_FLYOUT_HTML,PRIVATE_LOCAL_ACTIVITY_EVIDENCE_SEARCHED_PUBLIC_FINDINGS_CROSSWALKED_SEPARATELY
927,0,0,0,0,False,ASSESSED_FROM_STABILIZED_FULL_FLYOUT_HTML,PRIVATE_LOCAL_ACTIVITY_EVIDENCE_SEARCHED_PUBLIC_FINDINGS_CROSSWALKED_SEPARATELY
928,0,0,0,0,False,ASSESSED_FROM_STABILIZED_FULL_FLYOUT_HTML,PRIVATE_LOCAL_ACTIVITY_EVIDENCE_SEARCHED_PUBLIC_FINDINGS_CROSSWALKED_SEPARATELY
929,2,1,1,0,False,ASSESSED_FROM_STABILIZED_FULL_FLYOUT_HTML,PRIVATE_LOCAL_ACTIVITY_EVIDENCE_SEARCHED_PUBLIC_FINDINGS_CROSSWALKED_SEPARATELY
930,0,0,0,0,False,ASSESSED_FROM_STABILIZED_FULL_FLYOUT_HTML,PRIVATE_LOCAL_ACTIVITY_EVIDENCE_SEARCHED_PUBLIC_FINDINGS_CROSSWALKED_SEPARATELY
931,0,0,0,0,False,ASSESSED_FROM_STABILIZED_FULL_FLYOUT_HTML,PRIVATE_LOCAL_ACTIVITY_EVIDENCE_SEARCHED_PUBLIC_FINDINGS_CROSSWALKED_SEPARATELY
932,2,1,1,0,False,ASSESSED_FROM_STABILIZED_FULL_FLYOUT_HTML,PRIVATE_LOCAL_ACTIVITY_EVIDENCE_SEARCHED_PUBLIC_FINDINGS_CROSSWALKED_SEPARATELY
933,1,1,0,0,False,ASSESSED_FROM_STABILIZED_FULL_FLYOUT_HTML,PRIVATE_LOCAL_ACTIVITY_EVIDENCE_SEARCHED_PUBLIC_FINDINGS_CROSSWALKED_SEPARATELY
934,0,0,0,0,False,ASSESSED_FROM_STABILIZED_FULL_FLYOUT_HTML,PRIVATE_LOCAL_ACTIVITY_EVIDENCE_SEARCHED_PUBLIC_FINDINGS_CROSSWALKED_SEPARATELY
935,0,0,0,0,False,ASSESSED_FROM_STABILIZED_FULL_FLYOUT_HTML,PRIVATE_LOCAL_ACTIVITY_EVIDENCE_SEARCHED_PUBLIC_FINDINGS_CROSSWALKED_SEPARATELY
936,0,0,0,0,False,ASSESSED_FROM_STABILIZED_FULL_FLYOUT_HTML,PRIVATE_LOCAL_ACTIVITY_EVIDENCE_SEARCHED_PUBLIC_FINDINGS_CROSSWALKED_SEPARATELY
937,2,1,1,0,False,ASSESSED_FROM_STABILIZED_FULL_FLYOUT_HTML,PRIVATE_LOCAL_ACTIVITY_EVIDENCE_SEARCHED_PUBLIC_FINDINGS_CROSSWALKED_SEPARATELY
938,0,0,0,0,False,ASSESSED_FROM_STABILIZED_FULL_FLYOUT_HTML,PRIVATE_LOCAL_ACTIVITY_EVIDENCE_SEARCHED_PUBLIC_FINDINGS_CROSSWALKED_SEPARATELY
939,1,1,0,0,False,ASSESSED_FROM_STABILIZED_FULL_FLYOUT_HTML,PRIVATE_LOCAL_ACTIVITY_EVIDENCE_SEARCHED_PUBLIC_FINDINGS_CROSSWALKED_SEPARATELY
940,0,0,0,0,False,ASSESSED_FROM_STABILIZED_FULL_FLYOUT_HTML,PRIVATE_LOCAL_ACTIVITY_EVIDENCE_SEARCHED_PUBLIC_FINDINGS_CROSSWALKED_SEPARATELY
941,2,1,1,0,False,ASSESSED_FROM_STABILIZED_FULL_FLYOUT_HTML,PRIVATE_LOCAL_ACTIVITY_EVIDENCE_SEARCHED_PUBLIC_FINDINGS_CROSSWALKED_SEPARATELY
942,2,1,1,0,False,ASSESSED_FROM_STABILIZED_FULL_FLYOUT_HTML,PRIVATE_LOCAL_ACTIVITY_EVIDENCE_SEARCHED_PUBLIC_FINDINGS_CROSSWALKED_SEPARATELY
943,2,1,1,0,False,ASSESSED_FROM_STABILIZED_FULL_FLYOUT_HTML,PRIVATE_LOCAL_ACTIVITY_EVIDENCE_SEARCHED_PUBLIC_FINDINGS_CROSSWALKED_SEPARATELY
944,2,1,1,0,False,ASSESSED_FROM_STABILIZED_FULL_FLYOUT_HTML,PRIVATE_LOCAL_ACTIVITY_EVIDENCE_SEARCHED_PUBLIC_FINDINGS_CROSSWALKED_SEPARATELY
945,19,1,18,0,True,ASSESSED_FROM_STABILIZED_FULL_FLYOUT_HTML,PRIVATE_LOCAL_ACTIVITY_EVIDENCE_SEARCHED_PUBLIC_FINDINGS_CROSSWALKED_SEPARATELY
946,0,0,0,0,False,ASSESSED_FROM_STABILIZED_FULL_FLYOUT_HTML,PRIVATE_LOCAL_ACTIVITY_EVIDENCE_SEARCHED_PUBLIC_FINDINGS_CROSSWALKED_SEPARATELY
947,1,1,0,0,False,ASSESSED_FROM_STABILIZED_FULL_FLYOUT_HTML,PRIVATE_LOCAL_ACTIVITY_EVIDENCE_SEARCHED_PUBLIC_FINDINGS_CROSSWALKED_SEPARATELY
948,0,0,0,0,False,ASSESSED_FROM_STABILIZED_FULL_FLYOUT_HTML,PRIVATE_LOCAL_ACTIVITY_EVIDENCE_SEARCHED_PUBLIC_FINDINGS_CROSSWALKED_SEPARATELY
949,0,0,0,0,False,ASSESSED_FROM_STABILIZED_FULL_FLYOUT_HTML,PRIVATE_LOCAL_ACTIVITY_EVIDENCE_SEARCHED_PUBLIC_FINDINGS_CROSSWALKED_SEPARATELY
950,2,1,1,0,False,ASSESSED_FROM_STABILIZED_FULL_FLYOUT_HTML,PRIVATE_LOCAL_ACTIVITY_EVIDENCE_SEARCHED_PUBLIC_FINDINGS_CROSSWALKED_SEPARATELY
951,2,1,1,0,False,ASSESSED_FROM_STABILIZED_FULL_FLYOUT_HTML,PRIVATE_LOCAL_ACTIVITY_EVIDENCE_SEARCHED_PUBLIC_FINDINGS_CROSSWALKED_SEPARATELY
952,2,1,1,0,False,ASSESSED_FROM_STABILIZED_FULL_FLYOUT_HTML,PRIVATE_LOCAL_ACTIVITY_EVIDENCE_SEARCHED_PUBLIC_FINDINGS_CROSSWALKED_SEPARATELY
953,2,1,1,0,False,ASSESSED_FROM_STABILIZED_FULL_FLYOUT_HTML,PRIVATE_LOCAL_ACTIVITY_EVIDENCE_SEARCHED_PUBLIC_FINDINGS_CROSSWALKED_SEPARATELY
954,2,1,1,0,False,ASSESSED_FROM_STABILIZED_FULL_FLYOUT_HTML,PRIVATE_LOCAL_ACTIVITY_EVIDENCE_SEARCHED_PUBLIC_FINDINGS_CROSSWALKED_SEPARATELY
955,2,1,1,0,True,ASSESSED_FROM_STABILIZED_FULL_FLYOUT_HTML,PRIVATE_LOCAL_ACTIVITY_EVIDENCE_SEARCHED_PUBLIC_FINDINGS_CROSSWALKED_SEPARATELY
956,2,1,1,0,False,ASSESSED_FROM_STABILIZED_FULL_FLYOUT_HTML,PRIVATE_LOCAL_ACTIVITY_EVIDENCE_SEARCHED_PUBLIC_FINDINGS_CROSSWALKED_SEPARATELY
957,2,1,1,0,False,ASSESSED_FROM_STABILIZED_FULL_FLYOUT_HTML,PRIVATE_LOCAL_ACTIVITY_EVIDENCE_SEARCHED_PUBLIC_FINDINGS_CROSSWALKED_SEPARATELY
958,0,0,0,0,False,ASSESSED_FROM_STABILIZED_FULL_FLYOUT_HTML,PRIVATE_LOCAL_ACTIVITY_EVIDENCE_SEARCHED_PUBLIC_FINDINGS_CROSSWALKED_SEPARATELY
959,2,1,1,0,False,ASSESSED_FROM_STABILIZED_FULL_FLYOUT_HTML,PRIVATE_LOCAL_ACTIVITY_EVIDENCE_SEARCHED_PUBLIC_FINDINGS_CROSSWALKED_SEPARATELY
960,0,0,0,0,False,ASSESSED_FROM_STABILIZED_FULL_FLYOUT_HTML,PRIVATE_LOCAL_ACTIVITY_EVIDENCE_SEARCHED_PUBLIC_FINDINGS_CROSSWALKED_SEPARATELY
961,2,1,1,0,False,ASSESSED_FROM_STABILIZED_FULL_FLYOUT_HTML,PRIVATE_LOCAL_ACTIVITY_EVIDENCE_SEARCHED_PUBLIC_FINDINGS_CROSSWALKED_SEPARATELY
962,2,1,1,0,False,ASSESSED_FROM_STABILIZED_FULL_FLYOUT_HTML,PRIVATE_LOCAL_ACTIVITY_EVIDENCE_SEARCHED_PUBLIC_FINDINGS_CROSSWALKED_SEPARATELY
963,0,0,0,0,False,ASSESSED_FROM_STABILIZED_FULL_FLYOUT_HTML,PRIVATE_LOCAL_ACTIVITY_EVIDENCE_SEARCHED_PUBLIC_FINDINGS_CROSSWALKED_SEPARATELY
964,2,1,1,0,False,ASSESSED_FROM_STABILIZED_FULL_FLYOUT_HTML,PRIVATE_LOCAL_ACTIVITY_EVIDENCE_SEARCHED_PUBLIC_FINDINGS_CROSSWALKED_SEPARATELY
965,0,0,0,0,False,ASSESSED_FROM_STABILIZED_FULL_FLYOUT_HTML,PRIVATE_LOCAL_ACTIVITY_EVIDENCE_SEARCHED_PUBLIC_FINDINGS_CROSSWALKED_SEPARATELY
966,2,1,1,0,False,ASSESSED_FROM_STABILIZED_FULL_FLYOUT_HTML,PRIVATE_LOCAL_ACTIVITY_EVIDENCE_SEARCHED_PUBLIC_FINDINGS_CROSSWALKED_SEPARATELY
967,0,0,0,0,False,ASSESSED_FROM_STABILIZED_FULL_FLYOUT_HTML,PRIVATE_LOCAL_ACTIVITY_EVIDENCE_SEARCHED_PUBLIC_FINDINGS_CROSSWALKED_SEPARATELY
968,1,1,0,0,False,ASSESSED_FROM_STABILIZED_FULL_FLYOUT_HTML,PRIVATE_LOCAL_ACTIVITY_EVIDENCE_SEARCHED_PUBLIC_FINDINGS_CROSSWALKED_SEPARATELY
969,2,1,1,0,False,ASSESSED_FROM_STABILIZED_FULL_FLYOUT_HTML,PRIVATE_LOCAL_ACTIVITY_EVIDENCE_SEARCHED_PUBLIC_FINDINGS_CROSSWALKED_SEPARATELY
970,0,0,0,0,False,ASSESSED_FROM_STABILIZED_FULL_FLYOUT_HTML,PRIVATE_LOCAL_ACTIVITY_EVIDENCE_SEARCHED_PUBLIC_FINDINGS_CROSSWALKED_SEPARATELY
971,0,0,0,0,False,ASSESSED_FROM_STABILIZED_FULL_FLYOUT_HTML,PRIVATE_LOCAL_ACTIVITY_EVIDENCE_SEARCHED_PUBLIC_FINDINGS_CROSSWALKED_SEPARATELY
972,0,0,0,0,False,ASSESSED_FROM_STABILIZED_FULL_FLYOUT_HTML,PRIVATE_LOCAL_ACTIVITY_EVIDENCE_SEARCHED_PUBLIC_FINDINGS_CROSSWALKED_SEPARATELY
973,1,1,0,0,False,ASSESSED_FROM_STABILIZED_FULL_FLYOUT_HTML,PRIVATE_LOCAL_ACTIVITY_EVIDENCE_SEARCHED_PUBLIC_FINDINGS_CROSSWALKED_SEPARATELY
974,0,0,0,0,False,ASSESSED_FROM_STABILIZED_FULL_FLYOUT_HTML,PRIVATE_LOCAL_ACTIVITY_EVIDENCE_SEARCHED_PUBLIC_FINDINGS_CROSSWALKED_SEPARATELY
975,2,1,1,0,False,ASSESSED_FROM_STABILIZED_FULL_FLYOUT_HTML,PRIVATE_LOCAL_ACTIVITY_EVIDENCE_SEARCHED_PUBLIC_FINDINGS_CROSSWALKED_SEPARATELY
976,0,0,0,0,False,ASSESSED_FROM_STABILIZED_FULL_FLYOUT_HTML,PRIVATE_LOCAL_ACTIVITY_EVIDENCE_SEARCHED_PUBLIC_FINDINGS_CROSSWALKED_SEPARATELY
977,2,1,1,0,False,ASSESSED_FROM_STABILIZED_FULL_FLYOUT_HTML,PRIVATE_LOCAL_ACTIVITY_EVIDENCE_SEARCHED_PUBLIC_FINDINGS_CROSSWALKED_SEPARATELY
978,2,1,1,0,False,ASSESSED_FROM_STABILIZED_FULL_FLYOUT_HTML,PRIVATE_LOCAL_ACTIVITY_EVIDENCE_SEARCHED_PUBLIC_FINDINGS_CROSSWALKED_SEPARATELY
979,0,0,0,0,False,ASSESSED_FROM_STABILIZED_FULL_FLYOUT_HTML,PRIVATE_LOCAL_ACTIVITY_EVIDENCE_SEARCHED_PUBLIC_FINDINGS_CROSSWALKED_SEPARATELY
980,0,0,0,0,False,ASSESSED_FROM_STABILIZED_FULL_FLYOUT_HTML,PRIVATE_LOCAL_ACTIVITY_EVIDENCE_SEARCHED_PUBLIC_FINDINGS_CROSSWALKED_SEPARATELY
981,0,0,0,0,False,ASSESSED_FROM_STABILIZED_FULL_FLYOUT_HTML,PRIVATE_LOCAL_ACTIVITY_EVIDENCE_SEARCHED_PUBLIC_FINDINGS_CROSSWALKED_SEPARATELY
982,0,0,0,0,False,ASSESSED_FROM_STABILIZED_FULL_FLYOUT_HTML,PRIVATE_LOCAL_ACTIVITY_EVIDENCE_SEARCHED_PUBLIC_FINDINGS_CROSSWALKED_SEPARATELY
983,0,0,0,0,False,ASSESSED_FROM_STABILIZED_FULL_FLYOUT_HTML,PRIVATE_LOCAL_ACTIVITY_EVIDENCE_SEARCHED_PUBLIC_FINDINGS_CROSSWALKED_SEPARATELY
984,1,1,0,0,False,ASSESSED_FROM_STABILIZED_FULL_FLYOUT_HTML,PRIVATE_LOCAL_ACTIVITY_EVIDENCE_SEARCHED_PUBLIC_FINDINGS_CROSSWALKED_SEPARATELY
985,0,0,0,0,False,ASSESSED_FROM_STABILIZED_FULL_FLYOUT_HTML,PRIVATE_LOCAL_ACTIVITY_EVIDENCE_SEARCHED_PUBLIC_FINDINGS_CROSSWALKED_SEPARATELY
986,0,0,0,0,False,ASSESSED_FROM_STABILIZED_FULL_FLYOUT_HTML,PRIVATE_LOCAL_ACTIVITY_EVIDENCE_SEARCHED_PUBLIC_FINDINGS_CROSSWALKED_SEPARATELY
987,0,0,0,0,False,ASSESSED_FROM_STABILIZED_FULL_FLYOUT_HTML,PRIVATE_LOCAL_ACTIVITY_EVIDENCE_SEARCHED_PUBLIC_FINDINGS_CROSSWALKED_SEPARATELY
988,0,0,0,0,False,ASSESSED_FROM_STABILIZED_FULL_FLYOUT_HTML,PRIVATE_LOCAL_ACTIVITY_EVIDENCE_SEARCHED_PUBLIC_FINDINGS_CROSSWALKED_SEPARATELY
989,1,1,0,0,False,ASSESSED_FROM_STABILIZED_FULL_FLYOUT_HTML,PRIVATE_LOCAL_ACTIVITY_EVIDENCE_SEARCHED_PUBLIC_FINDINGS_CROSSWALKED_SEPARATELY
990,0,0,0,0,False,ASSESSED_FROM_STABILIZED_FULL_FLYOUT_HTML,PRIVATE_LOCAL_ACTIVITY_EVIDENCE_SEARCHED_PUBLIC_FINDINGS_CROSSWALKED_SEPARATELY
991,0,0,0,0,False,ASSESSED_FROM_STABILIZED_FULL_FLYOUT_HTML,PRIVATE_LOCAL_ACTIVITY_EVIDENCE_SEARCHED_PUBLIC_FINDINGS_CROSSWALKED_SEPARATELY
992,0,0,0,0,False,ASSESSED_FROM_STABILIZED_FULL_FLYOUT_HTML,PRIVATE_LOCAL_ACTIVITY_EVIDENCE_SEARCHED_PUBLIC_FINDINGS_CROSSWALKED_SEPARATELY
993,2,1,1,0,False,ASSESSED_FROM_STABILIZED_FULL_FLYOUT_HTML,PRIVATE_LOCAL_ACTIVITY_EVIDENCE_SEARCHED_PUBLIC_FINDINGS_CROSSWALKED_SEPARATELY
994,14,1,13,1,True,ASSESSED_FROM_STABILIZED_FULL_FLYOUT_HTML,PRIVATE_LOCAL_ACTIVITY_EVIDENCE_SEARCHED_PUBLIC_FINDINGS_CROSSWALKED_SEPARATELY
995,2,1,1,0,True,ASSESSED_FROM_STABILIZED_FULL_FLYOUT_HTML,PRIVATE_LOCAL_ACTIVITY_EVIDENCE_SEARCHED_PUBLIC_FINDINGS_CROSSWALKED_SEPARATELY
996,2,1,1,1,True,ASSESSED_FROM_STABILIZED_FULL_FLYOUT_HTML,PRIVATE_LOCAL_ACTIVITY_EVIDENCE_SEARCHED_PUBLIC_FINDINGS_CROSSWALKED_SEPARATELY
997,2,1,1,0,False,ASSESSED_FROM_STABILIZED_FULL_FLYOUT_HTML,PRIVATE_LOCAL_ACTIVITY_EVIDENCE_SEARCHED_PUBLIC_FINDINGS_CROSSWALKED_SEPARATELY
998,2,1,1,0,False,ASSESSED_FROM_STABILIZED_FULL_FLYOUT_HTML,PRIVATE_LOCAL_ACTIVITY_EVIDENCE_SEARCHED_PUBLIC_FINDINGS_CROSSWALKED_SEPARATELY
999,0,0,0,0,False,ASSESSED_FROM_STABILIZED_FULL_FLYOUT_HTML,PRIVATE_LOCAL_ACTIVITY_EVIDENCE_SEARCHED_PUBLIC_FINDINGS_CROSSWALKED_SEPARATELY
1000,2,1,1,0,False,ASSESSED_FROM_STABILIZED_FULL_FLYOUT_HTML,PRIVATE_LOCAL_ACTIVITY_EVIDENCE_SEARCHED_PUBLIC_FINDINGS_CROSSWALKED_SEPARATELY
1001,0,0,0,0,False,ASSESSED_FROM_STABILIZED_FULL_FLYOUT_HTML,PRIVATE_LOCAL_ACTIVITY_EVIDENCE_SEARCHED_PUBLIC_FINDINGS_CROSSWALKED_SEPARATELY
1002,0,0,0,0,False,ASSESSED_FROM_STABILIZED_FULL_FLYOUT_HTML,PRIVATE_LOCAL_ACTIVITY_EVIDENCE_SEARCHED_PUBLIC_FINDINGS_CROSSWALKED_SEPARATELY
1003,2,1,1,0,False,ASSESSED_FROM_STABILIZED_FULL_FLYOUT_HTML,PRIVATE_LOCAL_ACTIVITY_EVIDENCE_SEARCHED_PUBLIC_FINDINGS_CROSSWALKED_SEPARATELY
1004,2,1,1,0,False,ASSESSED_FROM_STABILIZED_FULL_FLYOUT_HTML,PRIVATE_LOCAL_ACTIVITY_EVIDENCE_SEARCHED_PUBLIC_FINDINGS_CROSSWALKED_SEPARATELY
1005,2,1,1,0,False,ASSESSED_FROM_STABILIZED_FULL_FLYOUT_HTML,PRIVATE_LOCAL_ACTIVITY_EVIDENCE_SEARCHED_PUBLIC_FINDINGS_CROSSWALKED_SEPARATELY
1006,0,0,0,0,False,ASSESSED_FROM_STABILIZED_FULL_FLYOUT_HTML,PRIVATE_LOCAL_ACTIVITY_EVIDENCE_SEARCHED_PUBLIC_FINDINGS_CROSSWALKED_SEPARATELY
1007,2,1,1,0,False,ASSESSED_FROM_STABILIZED_FULL_FLYOUT_HTML,PRIVATE_LOCAL_ACTIVITY_EVIDENCE_SEARCHED_PUBLIC_FINDINGS_CROSSWALKED_SEPARATELY
1008,2,1,1,0,False,ASSESSED_FROM_STABILIZED_FULL_FLYOUT_HTML,PRIVATE_LOCAL_ACTIVITY_EVIDENCE_SEARCHED_PUBLIC_FINDINGS_CROSSWALKED_SEPARATELY
1009,0,0,0,0,False,ASSESSED_FROM_STABILIZED_FULL_FLYOUT_HTML,PRIVATE_LOCAL_ACTIVITY_EVIDENCE_SEARCHED_PUBLIC_FINDINGS_CROSSWALKED_SEPARATELY
1010,0,0,0,0,False,ASSESSED_FROM_STABILIZED_FULL_FLYOUT_HTML,PRIVATE_LOCAL_ACTIVITY_EVIDENCE_SEARCHED_PUBLIC_FINDINGS_CROSSWALKED_SEPARATELY
1011,2,1,1,0,False,ASSESSED_FROM_STABILIZED_FULL_FLYOUT_HTML,PRIVATE_LOCAL_ACTIVITY_EVIDENCE_SEARCHED_PUBLIC_FINDINGS_CROSSWALKED_SEPARATELY
1012,2,1,1,0,False,ASSESSED_FROM_STABILIZED_FULL_FLYOUT_HTML,PRIVATE_LOCAL_ACTIVITY_EVIDENCE_SEARCHED_PUBLIC_FINDINGS_CROSSWALKED_SEPARATELY
1013,2,1,1,0,False,ASSESSED_FROM_STABILIZED_FULL_FLYOUT_HTML,PRIVATE_LOCAL_ACTIVITY_EVIDENCE_SEARCHED_PUBLIC_FINDINGS_CROSSWALKED_SEPARATELY
1014,0,0,0,0,False,ASSESSED_FROM_STABILIZED_FULL_FLYOUT_HTML,PRIVATE_LOCAL_ACTIVITY_EVIDENCE_SEARCHED_PUBLIC_FINDINGS_CROSSWALKED_SEPARATELY
1015,2,1,1,0,False,ASSESSED_FROM_STABILIZED_FULL_FLYOUT_HTML,PRIVATE_LOCAL_ACTIVITY_EVIDENCE_SEARCHED_PUBLIC_FINDINGS_CROSSWALKED_SEPARATELY
1016,2,1,1,0,False,ASSESSED_FROM_STABILIZED_FULL_FLYOUT_HTML,PRIVATE_LOCAL_ACTIVITY_EVIDENCE_SEARCHED_PUBLIC_FINDINGS_CROSSWALKED_SEPARATELY
1017,0,0,0,0,False,ASSESSED_FROM_STABILIZED_FULL_FLYOUT_HTML,PRIVATE_LOCAL_ACTIVITY_EVIDENCE_SEARCHED_PUBLIC_FINDINGS_CROSSWALKED_SEPARATELY
1018,2,1,1,0,False,ASSESSED_FROM_STABILIZED_FULL_FLYOUT_HTML,PRIVATE_LOCAL_ACTIVITY_EVIDENCE_SEARCHED_PUBLIC_FINDINGS_CROSSWALKED_SEPARATELY
1019,0,0,0,0,False,ASSESSED_FROM_STABILIZED_FULL_FLYOUT_HTML,PRIVATE_LOCAL_ACTIVITY_EVIDENCE_SEARCHED_PUBLIC_FINDINGS_CROSSWALKED_SEPARATELY
1020,2,1,1,1,True,ASSESSED_FROM_STABILIZED_FULL_FLYOUT_HTML,PRIVATE_LOCAL_ACTIVITY_EVIDENCE_SEARCHED_PUBLIC_FINDINGS_CROSSWALKED_SEPARATELY
1021,0,0,0,0,False,ASSESSED_FROM_STABILIZED_FULL_FLYOUT_HTML,PRIVATE_LOCAL_ACTIVITY_EVIDENCE_SEARCHED_PUBLIC_FINDINGS_CROSSWALKED_SEPARATELY
1022,2,1,1,0,False,ASSESSED_FROM_STABILIZED_FULL_FLYOUT_HTML,PRIVATE_LOCAL_ACTIVITY_EVIDENCE_SEARCHED_PUBLIC_FINDINGS_CROSSWALKED_SEPARATELY
1023,0,0,0,0,False,ASSESSED_FROM_STABILIZED_FULL_FLYOUT_HTML,PRIVATE_LOCAL_ACTIVITY_EVIDENCE_SEARCHED_PUBLIC_FINDINGS_CROSSWALKED_SEPARATELY
1024,1,1,0,0,False,ASSESSED_FROM_STABILIZED_FULL_FLYOUT_HTML,PRIVATE_LOCAL_ACTIVITY_EVIDENCE_SEARCHED_PUBLIC_FINDINGS_CROSSWALKED_SEPARATELY
1025,0,0,0,0,False,ASSESSED_FROM_STABILIZED_FULL_FLYOUT_HTML,PRIVATE_LOCAL_ACTIVITY_EVIDENCE_SEARCHED_PUBLIC_FINDINGS_CROSSWALKED_SEPARATELY
1026,5,1,4,0,True,ASSESSED_FROM_STABILIZED_FULL_FLYOUT_HTML,PRIVATE_LOCAL_ACTIVITY_EVIDENCE_SEARCHED_PUBLIC_FINDINGS_CROSSWALKED_SEPARATELY
1027,2,1,1,0,False,ASSESSED_FROM_STABILIZED_FULL_FLYOUT_HTML,PRIVATE_LOCAL_ACTIVITY_EVIDENCE_SEARCHED_PUBLIC_FINDINGS_CROSSWALKED_SEPARATELY
1028,1,1,0,0,False,ASSESSED_FROM_STABILIZED_FULL_FLYOUT_HTML,PRIVATE_LOCAL_ACTIVITY_EVIDENCE_SEARCHED_PUBLIC_FINDINGS_CROSSWALKED_SEPARATELY
1029,0,0,0,0,False,ASSESSED_FROM_STABILIZED_FULL_FLYOUT_HTML,PRIVATE_LOCAL_ACTIVITY_EVIDENCE_SEARCHED_PUBLIC_FINDINGS_CROSSWALKED_SEPARATELY
1030,2,1,1,1,True,ASSESSED_FROM_STABILIZED_FULL_FLYOUT_HTML,PRIVATE_LOCAL_ACTIVITY_EVIDENCE_SEARCHED_PUBLIC_FINDINGS_CROSSWALKED_SEPARATELY
1031,1,1,0,0,True,ASSESSED_FROM_STABILIZED_FULL_FLYOUT_HTML,PRIVATE_LOCAL_ACTIVITY_EVIDENCE_SEARCHED_PUBLIC_FINDINGS_CROSSWALKED_SEPARATELY
1032,0,0,0,0,False,ASSESSED_FROM_STABILIZED_FULL_FLYOUT_HTML,PRIVATE_LOCAL_ACTIVITY_EVIDENCE_SEARCHED_PUBLIC_FINDINGS_CROSSWALKED_SEPARATELY
1033,2,1,1,0,False,ASSESSED_FROM_STABILIZED_FULL_FLYOUT_HTML,PRIVATE_LOCAL_ACTIVITY_EVIDENCE_SEARCHED_PUBLIC_FINDINGS_CROSSWALKED_SEPARATELY
1034,0,0,0,0,False,ASSESSED_FROM_STABILIZED_FULL_FLYOUT_HTML,PRIVATE_LOCAL_ACTIVITY_EVIDENCE_SEARCHED_PUBLIC_FINDINGS_CROSSWALKED_SEPARATELY
1035,2,1,1,0,False,ASSESSED_FROM_STABILIZED_FULL_FLYOUT_HTML,PRIVATE_LOCAL_ACTIVITY_EVIDENCE_SEARCHED_PUBLIC_FINDINGS_CROSSWALKED_SEPARATELY
1036,2,1,1,0,False,ASSESSED_FROM_STABILIZED_FULL_FLYOUT_HTML,PRIVATE_LOCAL_ACTIVITY_EVIDENCE_SEARCHED_PUBLIC_FINDINGS_CROSSWALKED_SEPARATELY
1037,2,1,1,0,False,ASSESSED_FROM_STABILIZED_FULL_FLYOUT_HTML,PRIVATE_LOCAL_ACTIVITY_EVIDENCE_SEARCHED_PUBLIC_FINDINGS_CROSSWALKED_SEPARATELY
1038,2,1,1,0,True,ASSESSED_FROM_STABILIZED_FULL_FLYOUT_HTML,PRIVATE_LOCAL_ACTIVITY_EVIDENCE_SEARCHED_PUBLIC_FINDINGS_CROSSWALKED_SEPARATELY
1039,2,1,1,0,False,ASSESSED_FROM_STABILIZED_FULL_FLYOUT_HTML,PRIVATE_LOCAL_ACTIVITY_EVIDENCE_SEARCHED_PUBLIC_FINDINGS_CROSSWALKED_SEPARATELY
1040,2,1,1,0,True,ASSESSED_FROM_STABILIZED_FULL_FLYOUT_HTML,PRIVATE_LOCAL_ACTIVITY_EVIDENCE_SEARCHED_PUBLIC_FINDINGS_CROSSWALKED_SEPARATELY
1041,1,1,0,0,False,ASSESSED_FROM_STABILIZED_FULL_FLYOUT_HTML,PRIVATE_LOCAL_ACTIVITY_EVIDENCE_SEARCHED_PUBLIC_FINDINGS_CROSSWALKED_SEPARATELY
1042,2,1,1,0,True,ASSESSED_FROM_STABILIZED_FULL_FLYOUT_HTML,PRIVATE_LOCAL_ACTIVITY_EVIDENCE_SEARCHED_PUBLIC_FINDINGS_CROSSWALKED_SEPARATELY
1043,0,0,0,0,False,ASSESSED_FROM_STABILIZED_FULL_FLYOUT_HTML,PRIVATE_LOCAL_ACTIVITY_EVIDENCE_SEARCHED_PUBLIC_FINDINGS_CROSSWALKED_SEPARATELY
1044,2,1,1,0,False,ASSESSED_FROM_STABILIZED_FULL_FLYOUT_HTML,PRIVATE_LOCAL_ACTIVITY_EVIDENCE_SEARCHED_PUBLIC_FINDINGS_CROSSWALKED_SEPARATELY
1045,2,1,1,0,False,ASSESSED_FROM_STABILIZED_FULL_FLYOUT_HTML,PRIVATE_LOCAL_ACTIVITY_EVIDENCE_SEARCHED_PUBLIC_FINDINGS_CROSSWALKED_SEPARATELY
1046,2,1,1,0,False,ASSESSED_FROM_STABILIZED_FULL_FLYOUT_HTML,PRIVATE_LOCAL_ACTIVITY_EVIDENCE_SEARCHED_PUBLIC_FINDINGS_CROSSWALKED_SEPARATELY
1047,2,1,1,0,False,ASSESSED_FROM_STABILIZED_FULL_FLYOUT_HTML,PRIVATE_LOCAL_ACTIVITY_EVIDENCE_SEARCHED_PUBLIC_FINDINGS_CROSSWALKED_SEPARATELY
1048,0,0,0,0,False,ASSESSED_FROM_STABILIZED_FULL_FLYOUT_HTML,PRIVATE_LOCAL_ACTIVITY_EVIDENCE_SEARCHED_PUBLIC_FINDINGS_CROSSWALKED_SEPARATELY
1049,2,1,1,0,False,ASSESSED_FROM_STABILIZED_FULL_FLYOUT_HTML,PRIVATE_LOCAL_ACTIVITY_EVIDENCE_SEARCHED_PUBLIC_FINDINGS_CROSSWALKED_SEPARATELY
1050,19,1,18,0,True,ASSESSED_FROM_STABILIZED_FULL_FLYOUT_HTML,PRIVATE_LOCAL_ACTIVITY_EVIDENCE_SEARCHED_PUBLIC_FINDINGS_CROSSWALKED_SEPARATELY
1051,2,1,1,1,True,ASSESSED_FROM_STABILIZED_FULL_FLYOUT_HTML,PRIVATE_LOCAL_ACTIVITY_EVIDENCE_SEARCHED_PUBLIC_FINDINGS_CROSSWALKED_SEPARATELY
1052,2,1,1,1,True,ASSESSED_FROM_STABILIZED_FULL_FLYOUT_HTML,PRIVATE_LOCAL_ACTIVITY_EVIDENCE_SEARCHED_PUBLIC_FINDINGS_CROSSWALKED_SEPARATELY
1053,0,0,0,0,False,ASSESSED_FROM_STABILIZED_FULL_FLYOUT_HTML,PRIVATE_LOCAL_ACTIVITY_EVIDENCE_SEARCHED_PUBLIC_FINDINGS_CROSSWALKED_SEPARATELY
1054,2,1,1,0,False,ASSESSED_FROM_STABILIZED_FULL_FLYOUT_HTML,PRIVATE_LOCAL_ACTIVITY_EVIDENCE_SEARCHED_PUBLIC_FINDINGS_CROSSWALKED_SEPARATELY
1055,13,1,12,0,True,ASSESSED_FROM_STABILIZED_FULL_FLYOUT_HTML,PRIVATE_LOCAL_ACTIVITY_EVIDENCE_SEARCHED_PUBLIC_FINDINGS_CROSSWALKED_SEPARATELY
1056,2,1,1,1,True,ASSESSED_FROM_STABILIZED_FULL_FLYOUT_HTML,PRIVATE_LOCAL_ACTIVITY_EVIDENCE_SEARCHED_PUBLIC_FINDINGS_CROSSWALKED_SEPARATELY
1057,0,0,0,0,False,ASSESSED_FROM_STABILIZED_FULL_FLYOUT_HTML,PRIVATE_LOCAL_ACTIVITY_EVIDENCE_SEARCHED_PUBLIC_FINDINGS_CROSSWALKED_SEPARATELY
1058,0,0,0,0,False,ASSESSED_FROM_STABILIZED_FULL_FLYOUT_HTML,PRIVATE_LOCAL_ACTIVITY_EVIDENCE_SEARCHED_PUBLIC_FINDINGS_CROSSWALKED_SEPARATELY
1059,2,1,1,0,False,ASSESSED_FROM_STABILIZED_FULL_FLYOUT_HTML,PRIVATE_LOCAL_ACTIVITY_EVIDENCE_SEARCHED_PUBLIC_FINDINGS_CROSSWALKED_SEPARATELY
1060,0,0,0,0,False,ASSESSED_FROM_STABILIZED_FULL_FLYOUT_HTML,PRIVATE_LOCAL_ACTIVITY_EVIDENCE_SEARCHED_PUBLIC_FINDINGS_CROSSWALKED_SEPARATELY
1061,2,1,1,0,True,ASSESSED_FROM_STABILIZED_FULL_FLYOUT_HTML,PRIVATE_LOCAL_ACTIVITY_EVIDENCE_SEARCHED_PUBLIC_FINDINGS_CROSSWALKED_SEPARATELY
1062,2,1,1,0,False,ASSESSED_FROM_STABILIZED_FULL_FLYOUT_HTML,PRIVATE_LOCAL_ACTIVITY_EVIDENCE_SEARCHED_PUBLIC_FINDINGS_CROSSWALKED_SEPARATELY
1063,2,1,1,0,False,ASSESSED_FROM_STABILIZED_FULL_FLYOUT_HTML,PRIVATE_LOCAL_ACTIVITY_EVIDENCE_SEARCHED_PUBLIC_FINDINGS_CROSSWALKED_SEPARATELY
1064,0,0,0,0,False,ASSESSED_FROM_STABILIZED_FULL_FLYOUT_HTML,PRIVATE_LOCAL_ACTIVITY_EVIDENCE_SEARCHED_PUBLIC_FINDINGS_CROSSWALKED_SEPARATELY
1065,2,1,1,0,False,ASSESSED_FROM_STABILIZED_FULL_FLYOUT_HTML,PRIVATE_LOCAL_ACTIVITY_EVIDENCE_SEARCHED_PUBLIC_FINDINGS_CROSSWALKED_SEPARATELY
1066,16,1,15,0,True,ASSESSED_FROM_STABILIZED_FULL_FLYOUT_HTML,PRIVATE_LOCAL_ACTIVITY_EVIDENCE_SEARCHED_PUBLIC_FINDINGS_CROSSWALKED_SEPARATELY
1067,2,1,1,0,False,ASSESSED_FROM_STABILIZED_FULL_FLYOUT_HTML,PRIVATE_LOCAL_ACTIVITY_EVIDENCE_SEARCHED_PUBLIC_FINDINGS_CROSSWALKED_SEPARATELY
1068,2,1,1,0,False,ASSESSED_FROM_STABILIZED_FULL_FLYOUT_HTML,PRIVATE_LOCAL_ACTIVITY_EVIDENCE_SEARCHED_PUBLIC_FINDINGS_CROSSWALKED_SEPARATELY
1069,0,0,0,0,False,ASSESSED_FROM_STABILIZED_FULL_FLYOUT_HTML,PRIVATE_LOCAL_ACTIVITY_EVIDENCE_SEARCHED_PUBLIC_FINDINGS_CROSSWALKED_SEPARATELY
1070,2,1,1,0,False,ASSESSED_FROM_STABILIZED_FULL_FLYOUT_HTML,PRIVATE_LOCAL_ACTIVITY_EVIDENCE_SEARCHED_PUBLIC_FINDINGS_CROSSWALKED_SEPARATELY
1071,0,0,0,0,False,ASSESSED_FROM_STABILIZED_FULL_FLYOUT_HTML,PRIVATE_LOCAL_ACTIVITY_EVIDENCE_SEARCHED_PUBLIC_FINDINGS_CROSSWALKED_SEPARATELY
1072,0,0,0,0,False,ASSESSED_FROM_STABILIZED_FULL_FLYOUT_HTML,PRIVATE_LOCAL_ACTIVITY_EVIDENCE_SEARCHED_PUBLIC_FINDINGS_CROSSWALKED_SEPARATELY
1073,2,1,1,0,False,ASSESSED_FROM_STABILIZED_FULL_FLYOUT_HTML,PRIVATE_LOCAL_ACTIVITY_EVIDENCE_SEARCHED_PUBLIC_FINDINGS_CROSSWALKED_SEPARATELY
1074,1,1,0,0,False,ASSESSED_FROM_STABILIZED_FULL_FLYOUT_HTML,PRIVATE_LOCAL_ACTIVITY_EVIDENCE_SEARCHED_PUBLIC_FINDINGS_CROSSWALKED_SEPARATELY
1075,0,0,0,0,False,ASSESSED_FROM_STABILIZED_FULL_FLYOUT_HTML,PRIVATE_LOCAL_ACTIVITY_EVIDENCE_SEARCHED_PUBLIC_FINDINGS_CROSSWALKED_SEPARATELY
1076,2,1,1,0,False,ASSESSED_FROM_STABILIZED_FULL_FLYOUT_HTML,PRIVATE_LOCAL_ACTIVITY_EVIDENCE_SEARCHED_PUBLIC_FINDINGS_CROSSWALKED_SEPARATELY
1077,2,1,1,0,False,ASSESSED_FROM_STABILIZED_FULL_FLYOUT_HTML,PRIVATE_LOCAL_ACTIVITY_EVIDENCE_SEARCHED_PUBLIC_FINDINGS_CROSSWALKED_SEPARATELY
1078,2,1,1,0,False,ASSESSED_FROM_STABILIZED_FULL_FLYOUT_HTML,PRIVATE_LOCAL_ACTIVITY_EVIDENCE_SEARCHED_PUBLIC_FINDINGS_CROSSWALKED_SEPARATELY
1079,1,1,0,0,False,ASSESSED_FROM_STABILIZED_FULL_FLYOUT_HTML,PRIVATE_LOCAL_ACTIVITY_EVIDENCE_SEARCHED_PUBLIC_FINDINGS_CROSSWALKED_SEPARATELY
1080,0,0,0,0,False,ASSESSED_FROM_STABILIZED_FULL_FLYOUT_HTML,PRIVATE_LOCAL_ACTIVITY_EVIDENCE_SEARCHED_PUBLIC_FINDINGS_CROSSWALKED_SEPARATELY
1081,0,0,0,0,False,ASSESSED_FROM_STABILIZED_FULL_FLYOUT_HTML,PRIVATE_LOCAL_ACTIVITY_EVIDENCE_SEARCHED_PUBLIC_FINDINGS_CROSSWALKED_SEPARATELY
1082,2,1,1,0,True,ASSESSED_FROM_STABILIZED_FULL_FLYOUT_HTML,PRIVATE_LOCAL_ACTIVITY_EVIDENCE_SEARCHED_PUBLIC_FINDINGS_CROSSWALKED_SEPARATELY
1083,0,0,0,0,False,ASSESSED_FROM_STABILIZED_FULL_FLYOUT_HTML,PRIVATE_LOCAL_ACTIVITY_EVIDENCE_SEARCHED_PUBLIC_FINDINGS_CROSSWALKED_SEPARATELY
1084,2,1,1,1,True,ASSESSED_FROM_STABILIZED_FULL_FLYOUT_HTML,PRIVATE_LOCAL_ACTIVITY_EVIDENCE_SEARCHED_PUBLIC_FINDINGS_CROSSWALKED_SEPARATELY
1085,2,1,1,0,False,ASSESSED_FROM_STABILIZED_FULL_FLYOUT_HTML,PRIVATE_LOCAL_ACTIVITY_EVIDENCE_SEARCHED_PUBLIC_FINDINGS_CROSSWALKED_SEPARATELY
1086,2,1,1,0,False,ASSESSED_FROM_STABILIZED_FULL_FLYOUT_HTML,PRIVATE_LOCAL_ACTIVITY_EVIDENCE_SEARCHED_PUBLIC_FINDINGS_CROSSWALKED_SEPARATELY
1087,0,0,0,0,False,ASSESSED_FROM_STABILIZED_FULL_FLYOUT_HTML,PRIVATE_LOCAL_ACTIVITY_EVIDENCE_SEARCHED_PUBLIC_FINDINGS_CROSSWALKED_SEPARATELY
1088,2,1,1,0,False,ASSESSED_FROM_STABILIZED_FULL_FLYOUT_HTML,PRIVATE_LOCAL_ACTIVITY_EVIDENCE_SEARCHED_PUBLIC_FINDINGS_CROSSWALKED_SEPARATELY
1089,0,0,0,0,False,ASSESSED_FROM_STABILIZED_FULL_FLYOUT_HTML,PRIVATE_LOCAL_ACTIVITY_EVIDENCE_SEARCHED_PUBLIC_FINDINGS_CROSSWALKED_SEPARATELY
1090,2,1,1,0,False,ASSESSED_FROM_STABILIZED_FULL_FLYOUT_HTML,PRIVATE_LOCAL_ACTIVITY_EVIDENCE_SEARCHED_PUBLIC_FINDINGS_CROSSWALKED_SEPARATELY
1091,0,0,0,0,False,ASSESSED_FROM_STABILIZED_FULL_FLYOUT_HTML,PRIVATE_LOCAL_ACTIVITY_EVIDENCE_SEARCHED_PUBLIC_FINDINGS_CROSSWALKED_SEPARATELY
1092,19,1,18,0,True,ASSESSED_FROM_STABILIZED_FULL_FLYOUT_HTML,PRIVATE_LOCAL_ACTIVITY_EVIDENCE_SEARCHED_PUBLIC_FINDINGS_CROSSWALKED_SEPARATELY
1093,0,0,0,0,False,ASSESSED_FROM_STABILIZED_FULL_FLYOUT_HTML,PRIVATE_LOCAL_ACTIVITY_EVIDENCE_SEARCHED_PUBLIC_FINDINGS_CROSSWALKED_SEPARATELY
1094,2,1,1,0,False,ASSESSED_FROM_STABILIZED_FULL_FLYOUT_HTML,PRIVATE_LOCAL_ACTIVITY_EVIDENCE_SEARCHED_PUBLIC_FINDINGS_CROSSWALKED_SEPARATELY
1095,0,0,0,0,False,ASSESSED_FROM_STABILIZED_FULL_FLYOUT_HTML,PRIVATE_LOCAL_ACTIVITY_EVIDENCE_SEARCHED_PUBLIC_FINDINGS_CROSSWALKED_SEPARATELY
1096,2,1,1,0,False,ASSESSED_FROM_STABILIZED_FULL_FLYOUT_HTML,PRIVATE_LOCAL_ACTIVITY_EVIDENCE_SEARCHED_PUBLIC_FINDINGS_CROSSWALKED_SEPARATELY
1097,2,1,1,0,False,ASSESSED_FROM_STABILIZED_FULL_FLYOUT_HTML,PRIVATE_LOCAL_ACTIVITY_EVIDENCE_SEARCHED_PUBLIC_FINDINGS_CROSSWALKED_SEPARATELY
1098,0,0,0,0,False,ASSESSED_FROM_STABILIZED_FULL_FLYOUT_HTML,PRIVATE_LOCAL_ACTIVITY_EVIDENCE_SEARCHED_PUBLIC_FINDINGS_CROSSWALKED_SEPARATELY
1099,35,1,34,0,True,ASSESSED_FROM_STABILIZED_FULL_FLYOUT_HTML,PRIVATE_LOCAL_ACTIVITY_EVIDENCE_SEARCHED_PUBLIC_FINDINGS_CROSSWALKED_SEPARATELY
1100,2,1,1,0,False,ASSESSED_FROM_STABILIZED_FULL_FLYOUT_HTML,PRIVATE_LOCAL_ACTIVITY_EVIDENCE_SEARCHED_PUBLIC_FINDINGS_CROSSWALKED_SEPARATELY
1101,0,0,0,0,False,ASSESSED_FROM_STABILIZED_FULL_FLYOUT_HTML,PRIVATE_LOCAL_ACTIVITY_EVIDENCE_SEARCHED_PUBLIC_FINDINGS_CROSSWALKED_SEPARATELY
1102,0,0,0,0,False,ASSESSED_FROM_STABILIZED_FULL_FLYOUT_HTML,PRIVATE_LOCAL_ACTIVITY_EVIDENCE_SEARCHED_PUBLIC_FINDINGS_CROSSWALKED_SEPARATELY
1103,2,1,1,0,False,ASSESSED_FROM_STABILIZED_FULL_FLYOUT_HTML,PRIVATE_LOCAL_ACTIVITY_EVIDENCE_SEARCHED_PUBLIC_FINDINGS_CROSSWALKED_SEPARATELY
1104,0,0,0,0,False,ASSESSED_FROM_STABILIZED_FULL_FLYOUT_HTML,PRIVATE_LOCAL_ACTIVITY_EVIDENCE_SEARCHED_PUBLIC_FINDINGS_CROSSWALKED_SEPARATELY
1105,2,1,1,0,False,ASSESSED_FROM_STABILIZED_FULL_FLYOUT_HTML,PRIVATE_LOCAL_ACTIVITY_EVIDENCE_SEARCHED_PUBLIC_FINDINGS_CROSSWALKED_SEPARATELY
1106,0,0,0,0,False,ASSESSED_FROM_STABILIZED_FULL_FLYOUT_HTML,PRIVATE_LOCAL_ACTIVITY_EVIDENCE_SEARCHED_PUBLIC_FINDINGS_CROSSWALKED_SEPARATELY
1107,25,1,24,0,True,ASSESSED_FROM_STABILIZED_FULL_FLYOUT_HTML,PRIVATE_LOCAL_ACTIVITY_EVIDENCE_SEARCHED_PUBLIC_FINDINGS_CROSSWALKED_SEPARATELY
1108,0,0,0,0,False,ASSESSED_FROM_STABILIZED_FULL_FLYOUT_HTML,PRIVATE_LOCAL_ACTIVITY_EVIDENCE_SEARCHED_PUBLIC_FINDINGS_CROSSWALKED_SEPARATELY
1109,2,1,1,0,False,ASSESSED_FROM_STABILIZED_FULL_FLYOUT_HTML,PRIVATE_LOCAL_ACTIVITY_EVIDENCE_SEARCHED_PUBLIC_FINDINGS_CROSSWALKED_SEPARATELY
1110,0,0,0,0,False,ASSESSED_FROM_STABILIZED_FULL_FLYOUT_HTML,PRIVATE_LOCAL_ACTIVITY_EVIDENCE_SEARCHED_PUBLIC_FINDINGS_CROSSWALKED_SEPARATELY
1111,2,1,1,0,False,ASSESSED_FROM_STABILIZED_FULL_FLYOUT_HTML,PRIVATE_LOCAL_ACTIVITY_EVIDENCE_SEARCHED_PUBLIC_FINDINGS_CROSSWALKED_SEPARATELY
1112,0,0,0,0,False,ASSESSED_FROM_STABILIZED_FULL_FLYOUT_HTML,PRIVATE_LOCAL_ACTIVITY_EVIDENCE_SEARCHED_PUBLIC_FINDINGS_CROSSWALKED_SEPARATELY
1113,0,0,0,0,False,ASSESSED_FROM_STABILIZED_FULL_FLYOUT_HTML,PRIVATE_LOCAL_ACTIVITY_EVIDENCE_SEARCHED_PUBLIC_FINDINGS_CROSSWALKED_SEPARATELY
1114,2,1,1,0,False,ASSESSED_FROM_STABILIZED_FULL_FLYOUT_HTML,PRIVATE_LOCAL_ACTIVITY_EVIDENCE_SEARCHED_PUBLIC_FINDINGS_CROSSWALKED_SEPARATELY
1115,0,0,0,0,False,ASSESSED_FROM_STABILIZED_FULL_FLYOUT_HTML,PRIVATE_LOCAL_ACTIVITY_EVIDENCE_SEARCHED_PUBLIC_FINDINGS_CROSSWALKED_SEPARATELY
1116,18,1,17,1,True,ASSESSED_FROM_STABILIZED_FULL_FLYOUT_HTML,PRIVATE_LOCAL_ACTIVITY_EVIDENCE_SEARCHED_PUBLIC_FINDINGS_CROSSWALKED_SEPARATELY
1117,0,0,0,0,False,ASSESSED_FROM_STABILIZED_FULL_FLYOUT_HTML,PRIVATE_LOCAL_ACTIVITY_EVIDENCE_SEARCHED_PUBLIC_FINDINGS_CROSSWALKED_SEPARATELY
1118,2,1,1,0,True,ASSESSED_FROM_STABILIZED_FULL_FLYOUT_HTML,PRIVATE_LOCAL_ACTIVITY_EVIDENCE_SEARCHED_PUBLIC_FINDINGS_CROSSWALKED_SEPARATELY
1119,2,1,1,0,False,ASSESSED_FROM_STABILIZED_FULL_FLYOUT_HTML,PRIVATE_LOCAL_ACTIVITY_EVIDENCE_SEARCHED_PUBLIC_FINDINGS_CROSSWALKED_SEPARATELY
1120,0,0,0,0,False,ASSESSED_FROM_STABILIZED_FULL_FLYOUT_HTML,PRIVATE_LOCAL_ACTIVITY_EVIDENCE_SEARCHED_PUBLIC_FINDINGS_CROSSWALKED_SEPARATELY
1121,2,1,1,0,False,ASSESSED_FROM_STABILIZED_FULL_FLYOUT_HTML,PRIVATE_LOCAL_ACTIVITY_EVIDENCE_SEARCHED_PUBLIC_FINDINGS_CROSSWALKED_SEPARATELY
1122,2,1,1,0,False,ASSESSED_FROM_STABILIZED_FULL_FLYOUT_HTML,PRIVATE_LOCAL_ACTIVITY_EVIDENCE_SEARCHED_PUBLIC_FINDINGS_CROSSWALKED_SEPARATELY
1123,2,1,1,0,True,ASSESSED_FROM_STABILIZED_FULL_FLYOUT_HTML,PRIVATE_LOCAL_ACTIVITY_EVIDENCE_SEARCHED_PUBLIC_FINDINGS_CROSSWALKED_SEPARATELY
1124,2,1,1,1,True,ASSESSED_FROM_STABILIZED_FULL_FLYOUT_HTML,PRIVATE_LOCAL_ACTIVITY_EVIDENCE_SEARCHED_PUBLIC_FINDINGS_CROSSWALKED_SEPARATELY
1125,2,1,1,0,False,ASSESSED_FROM_STABILIZED_FULL_FLYOUT_HTML,PRIVATE_LOCAL_ACTIVITY_EVIDENCE_SEARCHED_PUBLIC_FINDINGS_CROSSWALKED_SEPARATELY
1126,0,0,0,0,False,ASSESSED_FROM_STABILIZED_FULL_FLYOUT_HTML,PRIVATE_LOCAL_ACTIVITY_EVIDENCE_SEARCHED_PUBLIC_FINDINGS_CROSSWALKED_SEPARATELY
1127,0,0,0,0,False,ASSESSED_FROM_STABILIZED_FULL_FLYOUT_HTML,PRIVATE_LOCAL_ACTIVITY_EVIDENCE_SEARCHED_PUBLIC_FINDINGS_CROSSWALKED_SEPARATELY
1128,1,1,0,0,False,ASSESSED_FROM_STABILIZED_FULL_FLYOUT_HTML,PRIVATE_LOCAL_ACTIVITY_EVIDENCE_SEARCHED_PUBLIC_FINDINGS_CROSSWALKED_SEPARATELY
1129,2,1,1,0,False,ASSESSED_FROM_STABILIZED_FULL_FLYOUT_HTML,PRIVATE_LOCAL_ACTIVITY_EVIDENCE_SEARCHED_PUBLIC_FINDINGS_CROSSWALKED_SEPARATELY
1130,2,1,1,0,False,ASSESSED_FROM_STABILIZED_FULL_FLYOUT_HTML,PRIVATE_LOCAL_ACTIVITY_EVIDENCE_SEARCHED_PUBLIC_FINDINGS_CROSSWALKED_SEPARATELY
1131,2,1,1,0,False,ASSESSED_FROM_STABILIZED_FULL_FLYOUT_HTML,PRIVATE_LOCAL_ACTIVITY_EVIDENCE_SEARCHED_PUBLIC_FINDINGS_CROSSWALKED_SEPARATELY
1132,2,1,1,0,False,ASSESSED_FROM_STABILIZED_FULL_FLYOUT_HTML,PRIVATE_LOCAL_ACTIVITY_EVIDENCE_SEARCHED_PUBLIC_FINDINGS_CROSSWALKED_SEPARATELY
1133,0,0,0,0,False,ASSESSED_FROM_STABILIZED_FULL_FLYOUT_HTML,PRIVATE_LOCAL_ACTIVITY_EVIDENCE_SEARCHED_PUBLIC_FINDINGS_CROSSWALKED_SEPARATELY
1134,0,0,0,0,False,ASSESSED_FROM_STABILIZED_FULL_FLYOUT_HTML,PRIVATE_LOCAL_ACTIVITY_EVIDENCE_SEARCHED_PUBLIC_FINDINGS_CROSSWALKED_SEPARATELY
1135,1,1,0,0,False,ASSESSED_FROM_STABILIZED_FULL_FLYOUT_HTML,PRIVATE_LOCAL_ACTIVITY_EVIDENCE_SEARCHED_PUBLIC_FINDINGS_CROSSWALKED_SEPARATELY
1136,0,0,0,0,False,ASSESSED_FROM_STABILIZED_FULL_FLYOUT_HTML,PRIVATE_LOCAL_ACTIVITY_EVIDENCE_SEARCHED_PUBLIC_FINDINGS_CROSSWALKED_SEPARATELY
1137,0,0,0,0,False,ASSESSED_FROM_STABILIZED_FULL_FLYOUT_HTML,PRIVATE_LOCAL_ACTIVITY_EVIDENCE_SEARCHED_PUBLIC_FINDINGS_CROSSWALKED_SEPARATELY
1138,2,1,1,0,False,ASSESSED_FROM_STABILIZED_FULL_FLYOUT_HTML,PRIVATE_LOCAL_ACTIVITY_EVIDENCE_SEARCHED_PUBLIC_FINDINGS_CROSSWALKED_SEPARATELY
1139,2,1,1,0,False,ASSESSED_FROM_STABILIZED_FULL_FLYOUT_HTML,PRIVATE_LOCAL_ACTIVITY_EVIDENCE_SEARCHED_PUBLIC_FINDINGS_CROSSWALKED_SEPARATELY
1140,2,1,1,0,True,ASSESSED_FROM_STABILIZED_FULL_FLYOUT_HTML,PRIVATE_LOCAL_ACTIVITY_EVIDENCE_SEARCHED_PUBLIC_FINDINGS_CROSSWALKED_SEPARATELY
1141,0,0,0,0,False,ASSESSED_FROM_STABILIZED_FULL_FLYOUT_HTML,PRIVATE_LOCAL_ACTIVITY_EVIDENCE_SEARCHED_PUBLIC_FINDINGS_CROSSWALKED_SEPARATELY
1142,2,1,1,0,False,ASSESSED_FROM_STABILIZED_FULL_FLYOUT_HTML,PRIVATE_LOCAL_ACTIVITY_EVIDENCE_SEARCHED_PUBLIC_FINDINGS_CROSSWALKED_SEPARATELY
1143,0,0,0,0,False,ASSESSED_FROM_STABILIZED_FULL_FLYOUT_HTML,PRIVATE_LOCAL_ACTIVITY_EVIDENCE_SEARCHED_PUBLIC_FINDINGS_CROSSWALKED_SEPARATELY
1144,0,0,0,0,False,ASSESSED_FROM_STABILIZED_FULL_FLYOUT_HTML,PRIVATE_LOCAL_ACTIVITY_EVIDENCE_SEARCHED_PUBLIC_FINDINGS_CROSSWALKED_SEPARATELY
1145,0,0,0,0,False,ASSESSED_FROM_STABILIZED_FULL_FLYOUT_HTML,PRIVATE_LOCAL_ACTIVITY_EVIDENCE_SEARCHED_PUBLIC_FINDINGS_CROSSWALKED_SEPARATELY
1146,0,0,0,0,False,ASSESSED_FROM_STABILIZED_FULL_FLYOUT_HTML,PRIVATE_LOCAL_ACTIVITY_EVIDENCE_SEARCHED_PUBLIC_FINDINGS_CROSSWALKED_SEPARATELY
1147,2,1,1,0,False,ASSESSED_FROM_STABILIZED_FULL_FLYOUT_HTML,PRIVATE_LOCAL_ACTIVITY_EVIDENCE_SEARCHED_PUBLIC_FINDINGS_CROSSWALKED_SEPARATELY
1148,0,0,0,0,False,ASSESSED_FROM_STABILIZED_FULL_FLYOUT_HTML,PRIVATE_LOCAL_ACTIVITY_EVIDENCE_SEARCHED_PUBLIC_FINDINGS_CROSSWALKED_SEPARATELY
1149,2,1,1,0,True,ASSESSED_FROM_STABILIZED_FULL_FLYOUT_HTML,PRIVATE_LOCAL_ACTIVITY_EVIDENCE_SEARCHED_PUBLIC_FINDINGS_CROSSWALKED_SEPARATELY
1150,0,0,0,0,False,ASSESSED_FROM_STABILIZED_FULL_FLYOUT_HTML,PRIVATE_LOCAL_ACTIVITY_EVIDENCE_SEARCHED_PUBLIC_FINDINGS_CROSSWALKED_SEPARATELY
1151,0,0,0,0,False,ASSESSED_FROM_STABILIZED_FULL_FLYOUT_HTML,PRIVATE_LOCAL_ACTIVITY_EVIDENCE_SEARCHED_PUBLIC_FINDINGS_CROSSWALKED_SEPARATELY
1152,2,1,1,0,False,ASSESSED_FROM_STABILIZED_FULL_FLYOUT_HTML,PRIVATE_LOCAL_ACTIVITY_EVIDENCE_SEARCHED_PUBLIC_FINDINGS_CROSSWALKED_SEPARATELY
1153,2,1,1,0,False,ASSESSED_FROM_STABILIZED_FULL_FLYOUT_HTML,PRIVATE_LOCAL_ACTIVITY_EVIDENCE_SEARCHED_PUBLIC_FINDINGS_CROSSWALKED_SEPARATELY
1154,1,1,0,0,False,ASSESSED_FROM_STABILIZED_FULL_FLYOUT_HTML,PRIVATE_LOCAL_ACTIVITY_EVIDENCE_SEARCHED_PUBLIC_FINDINGS_CROSSWALKED_SEPARATELY
1155,2,1,1,0,False,ASSESSED_FROM_STABILIZED_FULL_FLYOUT_HTML,PRIVATE_LOCAL_ACTIVITY_EVIDENCE_SEARCHED_PUBLIC_FINDINGS_CROSSWALKED_SEPARATELY
1156,0,0,0,0,False,ASSESSED_FROM_STABILIZED_FULL_FLYOUT_HTML,PRIVATE_LOCAL_ACTIVITY_EVIDENCE_SEARCHED_PUBLIC_FINDINGS_CROSSWALKED_SEPARATELY
1157,0,0,0,0,False,ASSESSED_FROM_STABILIZED_FULL_FLYOUT_HTML,PRIVATE_LOCAL_ACTIVITY_EVIDENCE_SEARCHED_PUBLIC_FINDINGS_CROSSWALKED_SEPARATELY
1158,0,0,0,0,False,ASSESSED_FROM_STABILIZED_FULL_FLYOUT_HTML,PRIVATE_LOCAL_ACTIVITY_EVIDENCE_SEARCHED_PUBLIC_FINDINGS_CROSSWALKED_SEPARATELY
1159,0,0,0,0,False,ASSESSED_FROM_STABILIZED_FULL_FLYOUT_HTML,PRIVATE_LOCAL_ACTIVITY_EVIDENCE_SEARCHED_PUBLIC_FINDINGS_CROSSWALKED_SEPARATELY
1160,2,1,1,0,False,ASSESSED_FROM_STABILIZED_FULL_FLYOUT_HTML,PRIVATE_LOCAL_ACTIVITY_EVIDENCE_SEARCHED_PUBLIC_FINDINGS_CROSSWALKED_SEPARATELY
1161,2,1,1,0,False,ASSESSED_FROM_STABILIZED_FULL_FLYOUT_HTML,PRIVATE_LOCAL_ACTIVITY_EVIDENCE_SEARCHED_PUBLIC_FINDINGS_CROSSWALKED_SEPARATELY
1162,2,1,1,0,False,ASSESSED_FROM_STABILIZED_FULL_FLYOUT_HTML,PRIVATE_LOCAL_ACTIVITY_EVIDENCE_SEARCHED_PUBLIC_FINDINGS_CROSSWALKED_SEPARATELY
1163,2,1,1,0,False,ASSESSED_FROM_STABILIZED_FULL_FLYOUT_HTML,PRIVATE_LOCAL_ACTIVITY_EVIDENCE_SEARCHED_PUBLIC_FINDINGS_CROSSWALKED_SEPARATELY
1164,0,0,0,0,False,ASSESSED_FROM_STABILIZED_FULL_FLYOUT_HTML,PRIVATE_LOCAL_ACTIVITY_EVIDENCE_SEARCHED_PUBLIC_FINDINGS_CROSSWALKED_SEPARATELY
1165,2,1,1,0,False,ASSESSED_FROM_STABILIZED_FULL_FLYOUT_HTML,PRIVATE_LOCAL_ACTIVITY_EVIDENCE_SEARCHED_PUBLIC_FINDINGS_CROSSWALKED_SEPARATELY
1166,2,1,1,0,False,ASSESSED_FROM_STABILIZED_FULL_FLYOUT_HTML,PRIVATE_LOCAL_ACTIVITY_EVIDENCE_SEARCHED_PUBLIC_FINDINGS_CROSSWALKED_SEPARATELY
1167,0,0,0,0,False,ASSESSED_FROM_STABILIZED_FULL_FLYOUT_HTML,PRIVATE_LOCAL_ACTIVITY_EVIDENCE_SEARCHED_PUBLIC_FINDINGS_CROSSWALKED_SEPARATELY
1168,2,1,1,0,False,ASSESSED_FROM_STABILIZED_FULL_FLYOUT_HTML,PRIVATE_LOCAL_ACTIVITY_EVIDENCE_SEARCHED_PUBLIC_FINDINGS_CROSSWALKED_SEPARATELY
1169,0,0,0,0,False,ASSESSED_FROM_STABILIZED_FULL_FLYOUT_HTML,PRIVATE_LOCAL_ACTIVITY_EVIDENCE_SEARCHED_PUBLIC_FINDINGS_CROSSWALKED_SEPARATELY
1170,2,1,1,0,False,ASSESSED_FROM_STABILIZED_FULL_FLYOUT_HTML,PRIVATE_LOCAL_ACTIVITY_EVIDENCE_SEARCHED_PUBLIC_FINDINGS_CROSSWALKED_SEPARATELY
1171,0,0,0,0,False,ASSESSED_FROM_STABILIZED_FULL_FLYOUT_HTML,PRIVATE_LOCAL_ACTIVITY_EVIDENCE_SEARCHED_PUBLIC_FINDINGS_CROSSWALKED_SEPARATELY
1172,2,1,1,0,False,ASSESSED_FROM_STABILIZED_FULL_FLYOUT_HTML,PRIVATE_LOCAL_ACTIVITY_EVIDENCE_SEARCHED_PUBLIC_FINDINGS_CROSSWALKED_SEPARATELY
1173,0,0,0,0,False,ASSESSED_FROM_STABILIZED_FULL_FLYOUT_HTML,PRIVATE_LOCAL_ACTIVITY_EVIDENCE_SEARCHED_PUBLIC_FINDINGS_CROSSWALKED_SEPARATELY
1174,2,1,1,0,False,ASSESSED_FROM_STABILIZED_FULL_FLYOUT_HTML,PRIVATE_LOCAL_ACTIVITY_EVIDENCE_SEARCHED_PUBLIC_FINDINGS_CROSSWALKED_SEPARATELY
1175,0,0,0,0,False,ASSESSED_FROM_STABILIZED_FULL_FLYOUT_HTML,PRIVATE_LOCAL_ACTIVITY_EVIDENCE_SEARCHED_PUBLIC_FINDINGS_CROSSWALKED_SEPARATELY
1176,2,1,1,0,False,ASSESSED_FROM_STABILIZED_FULL_FLYOUT_HTML,PRIVATE_LOCAL_ACTIVITY_EVIDENCE_SEARCHED_PUBLIC_FINDINGS_CROSSWALKED_SEPARATELY
1177,0,0,0,0,False,ASSESSED_FROM_STABILIZED_FULL_FLYOUT_HTML,PRIVATE_LOCAL_ACTIVITY_EVIDENCE_SEARCHED_PUBLIC_FINDINGS_CROSSWALKED_SEPARATELY
1178,2,1,1,0,False,ASSESSED_FROM_STABILIZED_FULL_FLYOUT_HTML,PRIVATE_LOCAL_ACTIVITY_EVIDENCE_SEARCHED_PUBLIC_FINDINGS_CROSSWALKED_SEPARATELY
1179,0,0,0,0,False,ASSESSED_FROM_STABILIZED_FULL_FLYOUT_HTML,PRIVATE_LOCAL_ACTIVITY_EVIDENCE_SEARCHED_PUBLIC_FINDINGS_CROSSWALKED_SEPARATELY
1180,2,1,1,0,False,ASSESSED_FROM_STABILIZED_FULL_FLYOUT_HTML,PRIVATE_LOCAL_ACTIVITY_EVIDENCE_SEARCHED_PUBLIC_FINDINGS_CROSSWALKED_SEPARATELY
1181,0,0,0,0,False,ASSESSED_FROM_STABILIZED_FULL_FLYOUT_HTML,PRIVATE_LOCAL_ACTIVITY_EVIDENCE_SEARCHED_PUBLIC_FINDINGS_CROSSWALKED_SEPARATELY
1182,2,1,1,1,True,ASSESSED_FROM_STABILIZED_FULL_FLYOUT_HTML,PRIVATE_LOCAL_ACTIVITY_EVIDENCE_SEARCHED_PUBLIC_FINDINGS_CROSSWALKED_SEPARATELY
1183,0,0,0,0,False,ASSESSED_FROM_STABILIZED_FULL_FLYOUT_HTML,PRIVATE_LOCAL_ACTIVITY_EVIDENCE_SEARCHED_PUBLIC_FINDINGS_CROSSWALKED_SEPARATELY
1184,2,1,1,0,True,ASSESSED_FROM_STABILIZED_FULL_FLYOUT_HTML,PRIVATE_LOCAL_ACTIVITY_EVIDENCE_SEARCHED_PUBLIC_FINDINGS_CROSSWALKED_SEPARATELY
1185,0,0,0,0,False,ASSESSED_FROM_STABILIZED_FULL_FLYOUT_HTML,PRIVATE_LOCAL_ACTIVITY_EVIDENCE_SEARCHED_PUBLIC_FINDINGS_CROSSWALKED_SEPARATELY
1186,2,1,1,0,False,ASSESSED_FROM_STABILIZED_FULL_FLYOUT_HTML,PRIVATE_LOCAL_ACTIVITY_EVIDENCE_SEARCHED_PUBLIC_FINDINGS_CROSSWALKED_SEPARATELY
1187,2,1,1,0,False,ASSESSED_FROM_STABILIZED_FULL_FLYOUT_HTML,PRIVATE_LOCAL_ACTIVITY_EVIDENCE_SEARCHED_PUBLIC_FINDINGS_CROSSWALKED_SEPARATELY
1188,0,0,0,0,False,ASSESSED_FROM_STABILIZED_FULL_FLYOUT_HTML,PRIVATE_LOCAL_ACTIVITY_EVIDENCE_SEARCHED_PUBLIC_FINDINGS_CROSSWALKED_SEPARATELY
1189,2,1,1,0,False,ASSESSED_FROM_STABILIZED_FULL_FLYOUT_HTML,PRIVATE_LOCAL_ACTIVITY_EVIDENCE_SEARCHED_PUBLIC_FINDINGS_CROSSWALKED_SEPARATELY
1190,0,0,0,0,False,ASSESSED_FROM_STABILIZED_FULL_FLYOUT_HTML,PRIVATE_LOCAL_ACTIVITY_EVIDENCE_SEARCHED_PUBLIC_FINDINGS_CROSSWALKED_SEPARATELY
1191,2,1,1,0,False,ASSESSED_FROM_STABILIZED_FULL_FLYOUT_HTML,PRIVATE_LOCAL_ACTIVITY_EVIDENCE_SEARCHED_PUBLIC_FINDINGS_CROSSWALKED_SEPARATELY
1192,0,0,0,0,False,ASSESSED_FROM_STABILIZED_FULL_FLYOUT_HTML,PRIVATE_LOCAL_ACTIVITY_EVIDENCE_SEARCHED_PUBLIC_FINDINGS_CROSSWALKED_SEPARATELY
1193,29,1,28,0,True,ASSESSED_FROM_STABILIZED_FULL_FLYOUT_HTML,PRIVATE_LOCAL_ACTIVITY_EVIDENCE_SEARCHED_PUBLIC_FINDINGS_CROSSWALKED_SEPARATELY
1194,2,1,1,0,True,ASSESSED_FROM_STABILIZED_FULL_FLYOUT_HTML,PRIVATE_LOCAL_ACTIVITY_EVIDENCE_SEARCHED_PUBLIC_FINDINGS_CROSSWALKED_SEPARATELY
1195,0,0,0,0,False,ASSESSED_FROM_STABILIZED_FULL_FLYOUT_HTML,PRIVATE_LOCAL_ACTIVITY_EVIDENCE_SEARCHED_PUBLIC_FINDINGS_CROSSWALKED_SEPARATELY
1196,2,1,1,0,False,ASSESSED_FROM_STABILIZED_FULL_FLYOUT_HTML,PRIVATE_LOCAL_ACTIVITY_EVIDENCE_SEARCHED_PUBLIC_FINDINGS_CROSSWALKED_SEPARATELY
1197,0,0,0,0,False,ASSESSED_FROM_STABILIZED_FULL_FLYOUT_HTML,PRIVATE_LOCAL_ACTIVITY_EVIDENCE_SEARCHED_PUBLIC_FINDINGS_CROSSWALKED_SEPARATELY
1198,1,1,0,0,True,ASSESSED_FROM_STABILIZED_FULL_FLYOUT_HTML,PRIVATE_LOCAL_ACTIVITY_EVIDENCE_SEARCHED_PUBLIC_FINDINGS_CROSSWALKED_SEPARATELY
1199,0,0,0,0,False,ASSESSED_FROM_STABILIZED_FULL_FLYOUT_HTML,PRIVATE_LOCAL_ACTIVITY_EVIDENCE_SEARCHED_PUBLIC_FINDINGS_CROSSWALKED_SEPARATELY
1200,0,0,0,0,False,ASSESSED_FROM_STABILIZED_FULL_FLYOUT_HTML,PRIVATE_LOCAL_ACTIVITY_EVIDENCE_SEARCHED_PUBLIC_FINDINGS_CROSSWALKED_SEPARATELY
1201,0,0,0,0,False,ASSESSED_FROM_STABILIZED_FULL_FLYOUT_HTML,PRIVATE_LOCAL_ACTIVITY_EVIDENCE_SEARCHED_PUBLIC_FINDINGS_CROSSWALKED_SEPARATELY
1202,1,1,0,0,False,ASSESSED_FROM_STABILIZED_FULL_FLYOUT_HTML,PRIVATE_LOCAL_ACTIVITY_EVIDENCE_SEARCHED_PUBLIC_FINDINGS_CROSSWALKED_SEPARATELY
1203,1,1,0,0,False,ASSESSED_FROM_STABILIZED_FULL_FLYOUT_HTML,PRIVATE_LOCAL_ACTIVITY_EVIDENCE_SEARCHED_PUBLIC_FINDINGS_CROSSWALKED_SEPARATELY
1204,0,0,0,0,False,ASSESSED_FROM_STABILIZED_FULL_FLYOUT_HTML,PRIVATE_LOCAL_ACTIVITY_EVIDENCE_SEARCHED_PUBLIC_FINDINGS_CROSSWALKED_SEPARATELY
1205,2,1,1,0,False,ASSESSED_FROM_STABILIZED_FULL_FLYOUT_HTML,PRIVATE_LOCAL_ACTIVITY_EVIDENCE_SEARCHED_PUBLIC_FINDINGS_CROSSWALKED_SEPARATELY
1206,0,0,0,0,False,ASSESSED_FROM_STABILIZED_FULL_FLYOUT_HTML,PRIVATE_LOCAL_ACTIVITY_EVIDENCE_SEARCHED_PUBLIC_FINDINGS_CROSSWALKED_SEPARATELY
1207,0,0,0,0,False,ASSESSED_FROM_STABILIZED_FULL_FLYOUT_HTML,PRIVATE_LOCAL_ACTIVITY_EVIDENCE_SEARCHED_PUBLIC_FINDINGS_CROSSWALKED_SEPARATELY
1208,0,0,0,0,False,ASSESSED_FROM_STABILIZED_FULL_FLYOUT_HTML,PRIVATE_LOCAL_ACTIVITY_EVIDENCE_SEARCHED_PUBLIC_FINDINGS_CROSSWALKED_SEPARATELY
1209,0,0,0,0,False,ASSESSED_FROM_STABILIZED_FULL_FLYOUT_HTML,PRIVATE_LOCAL_ACTIVITY_EVIDENCE_SEARCHED_PUBLIC_FINDINGS_CROSSWALKED_SEPARATELY
1210,0,0,0,0,False,ASSESSED_FROM_STABILIZED_FULL_FLYOUT_HTML,PRIVATE_LOCAL_ACTIVITY_EVIDENCE_SEARCHED_PUBLIC_FINDINGS_CROSSWALKED_SEPARATELY
1211,2,1,1,0,False,ASSESSED_FROM_STABILIZED_FULL_FLYOUT_HTML,PRIVATE_LOCAL_ACTIVITY_EVIDENCE_SEARCHED_PUBLIC_FINDINGS_CROSSWALKED_SEPARATELY
1212,0,0,0,0,False,ASSESSED_FROM_STABILIZED_FULL_FLYOUT_HTML,PRIVATE_LOCAL_ACTIVITY_EVIDENCE_SEARCHED_PUBLIC_FINDINGS_CROSSWALKED_SEPARATELY
1213,1,1,0,0,False,ASSESSED_FROM_STABILIZED_FULL_FLYOUT_HTML,PRIVATE_LOCAL_ACTIVITY_EVIDENCE_SEARCHED_PUBLIC_FINDINGS_CROSSWALKED_SEPARATELY
1214,0,0,0,0,False,ASSESSED_FROM_STABILIZED_FULL_FLYOUT_HTML,PRIVATE_LOCAL_ACTIVITY_EVIDENCE_SEARCHED_PUBLIC_FINDINGS_CROSSWALKED_SEPARATELY
1215,1,1,0,0,False,ASSESSED_FROM_STABILIZED_FULL_FLYOUT_HTML,PRIVATE_LOCAL_ACTIVITY_EVIDENCE_SEARCHED_PUBLIC_FINDINGS_CROSSWALKED_SEPARATELY
1216,0,0,0,0,False,ASSESSED_FROM_STABILIZED_FULL_FLYOUT_HTML,PRIVATE_LOCAL_ACTIVITY_EVIDENCE_SEARCHED_PUBLIC_FINDINGS_CROSSWALKED_SEPARATELY
1217,1,1,0,0,False,ASSESSED_FROM_STABILIZED_FULL_FLYOUT_HTML,PRIVATE_LOCAL_ACTIVITY_EVIDENCE_SEARCHED_PUBLIC_FINDINGS_CROSSWALKED_SEPARATELY
1218,0,0,0,0,False,ASSESSED_FROM_STABILIZED_FULL_FLYOUT_HTML,PRIVATE_LOCAL_ACTIVITY_EVIDENCE_SEARCHED_PUBLIC_FINDINGS_CROSSWALKED_SEPARATELY
1219,2,1,1,0,False,ASSESSED_FROM_STABILIZED_FULL_FLYOUT_HTML,PRIVATE_LOCAL_ACTIVITY_EVIDENCE_SEARCHED_PUBLIC_FINDINGS_CROSSWALKED_SEPARATELY
1220,0,0,0,0,False,ASSESSED_FROM_STABILIZED_FULL_FLYOUT_HTML,PRIVATE_LOCAL_ACTIVITY_EVIDENCE_SEARCHED_PUBLIC_FINDINGS_CROSSWALKED_SEPARATELY
1221,0,0,0,0,False,ASSESSED_FROM_STABILIZED_FULL_FLYOUT_HTML,PRIVATE_LOCAL_ACTIVITY_EVIDENCE_SEARCHED_PUBLIC_FINDINGS_CROSSWALKED_SEPARATELY
1222,2,1,1,0,False,ASSESSED_FROM_STABILIZED_FULL_FLYOUT_HTML,PRIVATE_LOCAL_ACTIVITY_EVIDENCE_SEARCHED_PUBLIC_FINDINGS_CROSSWALKED_SEPARATELY
1223,1,1,0,0,False,ASSESSED_FROM_STABILIZED_FULL_FLYOUT_HTML,PRIVATE_LOCAL_ACTIVITY_EVIDENCE_SEARCHED_PUBLIC_FINDINGS_CROSSWALKED_SEPARATELY
1224,2,1,1,0,False,ASSESSED_FROM_STABILIZED_FULL_FLYOUT_HTML,PRIVATE_LOCAL_ACTIVITY_EVIDENCE_SEARCHED_PUBLIC_FINDINGS_CROSSWALKED_SEPARATELY
1225,0,0,0,0,False,ASSESSED_FROM_STABILIZED_FULL_FLYOUT_HTML,PRIVATE_LOCAL_ACTIVITY_EVIDENCE_SEARCHED_PUBLIC_FINDINGS_CROSSWALKED_SEPARATELY
1226,0,0,0,0,False,ASSESSED_FROM_STABILIZED_FULL_FLYOUT_HTML,PRIVATE_LOCAL_ACTIVITY_EVIDENCE_SEARCHED_PUBLIC_FINDINGS_CROSSWALKED_SEPARATELY
1227,0,0,0,0,False,ASSESSED_FROM_STABILIZED_FULL_FLYOUT_HTML,PRIVATE_LOCAL_ACTIVITY_EVIDENCE_SEARCHED_PUBLIC_FINDINGS_CROSSWALKED_SEPARATELY
1228,0,0,0,0,False,ASSESSED_FROM_STABILIZED_FULL_FLYOUT_HTML,PRIVATE_LOCAL_ACTIVITY_EVIDENCE_SEARCHED_PUBLIC_FINDINGS_CROSSWALKED_SEPARATELY
1229,1,1,0,0,False,ASSESSED_FROM_STABILIZED_FULL_FLYOUT_HTML,PRIVATE_LOCAL_ACTIVITY_EVIDENCE_SEARCHED_PUBLIC_FINDINGS_CROSSWALKED_SEPARATELY
1230,2,1,1,0,False,ASSESSED_FROM_STABILIZED_FULL_FLYOUT_HTML,PRIVATE_LOCAL_ACTIVITY_EVIDENCE_SEARCHED_PUBLIC_FINDINGS_CROSSWALKED_SEPARATELY
1231,2,1,1,0,False,ASSESSED_FROM_STABILIZED_FULL_FLYOUT_HTML,PRIVATE_LOCAL_ACTIVITY_EVIDENCE_SEARCHED_PUBLIC_FINDINGS_CROSSWALKED_SEPARATELY
1232,0,0,0,0,False,ASSESSED_FROM_STABILIZED_FULL_FLYOUT_HTML,PRIVATE_LOCAL_ACTIVITY_EVIDENCE_SEARCHED_PUBLIC_FINDINGS_CROSSWALKED_SEPARATELY
1233,2,1,1,0,False,ASSESSED_FROM_STABILIZED_FULL_FLYOUT_HTML,PRIVATE_LOCAL_ACTIVITY_EVIDENCE_SEARCHED_PUBLIC_FINDINGS_CROSSWALKED_SEPARATELY
1234,1,1,0,0,False,ASSESSED_FROM_STABILIZED_FULL_FLYOUT_HTML,PRIVATE_LOCAL_ACTIVITY_EVIDENCE_SEARCHED_PUBLIC_FINDINGS_CROSSWALKED_SEPARATELY
1235,0,0,0,0,False,ASSESSED_FROM_STABILIZED_FULL_FLYOUT_HTML,PRIVATE_LOCAL_ACTIVITY_EVIDENCE_SEARCHED_PUBLIC_FINDINGS_CROSSWALKED_SEPARATELY
1236,0,0,0,0,False,ASSESSED_FROM_STABILIZED_FULL_FLYOUT_HTML,PRIVATE_LOCAL_ACTIVITY_EVIDENCE_SEARCHED_PUBLIC_FINDINGS_CROSSWALKED_SEPARATELY
1237,2,1,1,0,False,ASSESSED_FROM_STABILIZED_FULL_FLYOUT_HTML,PRIVATE_LOCAL_ACTIVITY_EVIDENCE_SEARCHED_PUBLIC_FINDINGS_CROSSWALKED_SEPARATELY
1238,2,1,1,0,False,ASSESSED_FROM_STABILIZED_FULL_FLYOUT_HTML,PRIVATE_LOCAL_ACTIVITY_EVIDENCE_SEARCHED_PUBLIC_FINDINGS_CROSSWALKED_SEPARATELY
1239,2,1,1,0,False,ASSESSED_FROM_STABILIZED_FULL_FLYOUT_HTML,PRIVATE_LOCAL_ACTIVITY_EVIDENCE_SEARCHED_PUBLIC_FINDINGS_CROSSWALKED_SEPARATELY
1240,0,0,0,0,False,ASSESSED_FROM_STABILIZED_FULL_FLYOUT_HTML,PRIVATE_LOCAL_ACTIVITY_EVIDENCE_SEARCHED_PUBLIC_FINDINGS_CROSSWALKED_SEPARATELY
1241,1,1,0,0,False,ASSESSED_FROM_STABILIZED_FULL_FLYOUT_HTML,PRIVATE_LOCAL_ACTIVITY_EVIDENCE_SEARCHED_PUBLIC_FINDINGS_CROSSWALKED_SEPARATELY
1242,0,0,0,0,False,ASSESSED_FROM_STABILIZED_FULL_FLYOUT_HTML,PRIVATE_LOCAL_ACTIVITY_EVIDENCE_SEARCHED_PUBLIC_FINDINGS_CROSSWALKED_SEPARATELY
1243,0,0,0,0,False,ASSESSED_FROM_STABILIZED_FULL_FLYOUT_HTML,PRIVATE_LOCAL_ACTIVITY_EVIDENCE_SEARCHED_PUBLIC_FINDINGS_CROSSWALKED_SEPARATELY
1244,1,1,0,1,True,ASSESSED_FROM_STABILIZED_FULL_FLYOUT_HTML,PRIVATE_LOCAL_ACTIVITY_EVIDENCE_SEARCHED_PUBLIC_FINDINGS_CROSSWALKED_SEPARATELY
1245,0,0,0,0,False,ASSESSED_FROM_STABILIZED_FULL_FLYOUT_HTML,PRIVATE_LOCAL_ACTIVITY_EVIDENCE_SEARCHED_PUBLIC_FINDINGS_CROSSWALKED_SEPARATELY
1246,2,1,1,0,False,ASSESSED_FROM_STABILIZED_FULL_FLYOUT_HTML,PRIVATE_LOCAL_ACTIVITY_EVIDENCE_SEARCHED_PUBLIC_FINDINGS_CROSSWALKED_SEPARATELY
1247,0,0,0,0,False,ASSESSED_FROM_STABILIZED_FULL_FLYOUT_HTML,PRIVATE_LOCAL_ACTIVITY_EVIDENCE_SEARCHED_PUBLIC_FINDINGS_CROSSWALKED_SEPARATELY
1248,2,1,1,0,False,ASSESSED_FROM_STABILIZED_FULL_FLYOUT_HTML,PRIVATE_LOCAL_ACTIVITY_EVIDENCE_SEARCHED_PUBLIC_FINDINGS_CROSSWALKED_SEPARATELY
1249,0,0,0,0,False,ASSESSED_FROM_STABILIZED_FULL_FLYOUT_HTML,PRIVATE_LOCAL_ACTIVITY_EVIDENCE_SEARCHED_PUBLIC_FINDINGS_CROSSWALKED_SEPARATELY
1250,0,0,0,0,False,ASSESSED_FROM_STABILIZED_FULL_FLYOUT_HTML,PRIVATE_LOCAL_ACTIVITY_EVIDENCE_SEARCHED_PUBLIC_FINDINGS_CROSSWALKED_SEPARATELY
1251,2,1,1,0,False,ASSESSED_FROM_STABILIZED_FULL_FLYOUT_HTML,PRIVATE_LOCAL_ACTIVITY_EVIDENCE_SEARCHED_PUBLIC_FINDINGS_CROSSWALKED_SEPARATELY
1252,0,0,0,0,False,ASSESSED_FROM_STABILIZED_FULL_FLYOUT_HTML,PRIVATE_LOCAL_ACTIVITY_EVIDENCE_SEARCHED_PUBLIC_FINDINGS_CROSSWALKED_SEPARATELY
1253,2,1,1,0,False,ASSESSED_FROM_STABILIZED_FULL_FLYOUT_HTML,PRIVATE_LOCAL_ACTIVITY_EVIDENCE_SEARCHED_PUBLIC_FINDINGS_CROSSWALKED_SEPARATELY
1254,0,0,0,0,False,ASSESSED_FROM_STABILIZED_FULL_FLYOUT_HTML,PRIVATE_LOCAL_ACTIVITY_EVIDENCE_SEARCHED_PUBLIC_FINDINGS_CROSSWALKED_SEPARATELY
1255,1,1,0,0,False,ASSESSED_FROM_STABILIZED_FULL_FLYOUT_HTML,PRIVATE_LOCAL_ACTIVITY_EVIDENCE_SEARCHED_PUBLIC_FINDINGS_CROSSWALKED_SEPARATELY
1256,2,1,1,0,False,ASSESSED_FROM_STABILIZED_FULL_FLYOUT_HTML,PRIVATE_LOCAL_ACTIVITY_EVIDENCE_SEARCHED_PUBLIC_FINDINGS_CROSSWALKED_SEPARATELY
1257,2,1,1,0,False,ASSESSED_FROM_STABILIZED_FULL_FLYOUT_HTML,PRIVATE_LOCAL_ACTIVITY_EVIDENCE_SEARCHED_PUBLIC_FINDINGS_CROSSWALKED_SEPARATELY
1258,2,1,1,0,False,ASSESSED_FROM_STABILIZED_FULL_FLYOUT_HTML,PRIVATE_LOCAL_ACTIVITY_EVIDENCE_SEARCHED_PUBLIC_FINDINGS_CROSSWALKED_SEPARATELY
1259,0,0,0,0,False,ASSESSED_FROM_STABILIZED_FULL_FLYOUT_HTML,PRIVATE_LOCAL_ACTIVITY_EVIDENCE_SEARCHED_PUBLIC_FINDINGS_CROSSWALKED_SEPARATELY
1260,2,1,1,0,False,ASSESSED_FROM_STABILIZED_FULL_FLYOUT_HTML,PRIVATE_LOCAL_ACTIVITY_EVIDENCE_SEARCHED_PUBLIC_FINDINGS_CROSSWALKED_SEPARATELY
1261,0,0,0,0,False,ASSESSED_FROM_STABILIZED_FULL_FLYOUT_HTML,PRIVATE_LOCAL_ACTIVITY_EVIDENCE_SEARCHED_PUBLIC_FINDINGS_CROSSWALKED_SEPARATELY
1262,1,1,0,0,False,ASSESSED_FROM_STABILIZED_FULL_FLYOUT_HTML,PRIVATE_LOCAL_ACTIVITY_EVIDENCE_SEARCHED_PUBLIC_FINDINGS_CROSSWALKED_SEPARATELY
1263,0,0,0,0,False,ASSESSED_FROM_STABILIZED_FULL_FLYOUT_HTML,PRIVATE_LOCAL_ACTIVITY_EVIDENCE_SEARCHED_PUBLIC_FINDINGS_CROSSWALKED_SEPARATELY
1264,1,1,0,0,False,ASSESSED_FROM_STABILIZED_FULL_FLYOUT_HTML,PRIVATE_LOCAL_ACTIVITY_EVIDENCE_SEARCHED_PUBLIC_FINDINGS_CROSSWALKED_SEPARATELY
1265,0,0,0,0,False,ASSESSED_FROM_STABILIZED_FULL_FLYOUT_HTML,PRIVATE_LOCAL_ACTIVITY_EVIDENCE_SEARCHED_PUBLIC_FINDINGS_CROSSWALKED_SEPARATELY
1266,1,1,0,0,False,ASSESSED_FROM_STABILIZED_FULL_FLYOUT_HTML,PRIVATE_LOCAL_ACTIVITY_EVIDENCE_SEARCHED_PUBLIC_FINDINGS_CROSSWALKED_SEPARATELY
1267,0,0,0,0,False,ASSESSED_FROM_STABILIZED_FULL_FLYOUT_HTML,PRIVATE_LOCAL_ACTIVITY_EVIDENCE_SEARCHED_PUBLIC_FINDINGS_CROSSWALKED_SEPARATELY
1268,1,1,0,0,False,ASSESSED_FROM_STABILIZED_FULL_FLYOUT_HTML,PRIVATE_LOCAL_ACTIVITY_EVIDENCE_SEARCHED_PUBLIC_FINDINGS_CROSSWALKED_SEPARATELY
1269,2,1,1,0,False,ASSESSED_FROM_STABILIZED_FULL_FLYOUT_HTML,PRIVATE_LOCAL_ACTIVITY_EVIDENCE_SEARCHED_PUBLIC_FINDINGS_CROSSWALKED_SEPARATELY
1270,0,0,0,0,False,ASSESSED_FROM_STABILIZED_FULL_FLYOUT_HTML,PRIVATE_LOCAL_ACTIVITY_EVIDENCE_SEARCHED_PUBLIC_FINDINGS_CROSSWALKED_SEPARATELY
1271,2,1,1,0,False,ASSESSED_FROM_STABILIZED_FULL_FLYOUT_HTML,PRIVATE_LOCAL_ACTIVITY_EVIDENCE_SEARCHED_PUBLIC_FINDINGS_CROSSWALKED_SEPARATELY
1272,0,0,0,0,False,ASSESSED_FROM_STABILIZED_FULL_FLYOUT_HTML,PRIVATE_LOCAL_ACTIVITY_EVIDENCE_SEARCHED_PUBLIC_FINDINGS_CROSSWALKED_SEPARATELY
1273,1,1,0,0,False,ASSESSED_FROM_STABILIZED_FULL_FLYOUT_HTML,PRIVATE_LOCAL_ACTIVITY_EVIDENCE_SEARCHED_PUBLIC_FINDINGS_CROSSWALKED_SEPARATELY
1274,0,0,0,0,False,ASSESSED_FROM_STABILIZED_FULL_FLYOUT_HTML,PRIVATE_LOCAL_ACTIVITY_EVIDENCE_SEARCHED_PUBLIC_FINDINGS_CROSSWALKED_SEPARATELY
1275,2,1,1,1,True,ASSESSED_FROM_STABILIZED_FULL_FLYOUT_HTML,PRIVATE_LOCAL_ACTIVITY_EVIDENCE_SEARCHED_PUBLIC_FINDINGS_CROSSWALKED_SEPARATELY
1276,0,0,0,0,False,ASSESSED_FROM_STABILIZED_FULL_FLYOUT_HTML,PRIVATE_LOCAL_ACTIVITY_EVIDENCE_SEARCHED_PUBLIC_FINDINGS_CROSSWALKED_SEPARATELY
1277,21,1,20,0,True,ASSESSED_FROM_STABILIZED_FULL_FLYOUT_HTML,PRIVATE_LOCAL_ACTIVITY_EVIDENCE_SEARCHED_PUBLIC_FINDINGS_CROSSWALKED_SEPARATELY
1278,0,0,0,0,False,ASSESSED_FROM_STABILIZED_FULL_FLYOUT_HTML,PRIVATE_LOCAL_ACTIVITY_EVIDENCE_SEARCHED_PUBLIC_FINDINGS_CROSSWALKED_SEPARATELY
1279,1,1,0,0,False,ASSESSED_FROM_STABILIZED_FULL_FLYOUT_HTML,PRIVATE_LOCAL_ACTIVITY_EVIDENCE_SEARCHED_PUBLIC_FINDINGS_CROSSWALKED_SEPARATELY
1280,0,0,0,0,False,ASSESSED_FROM_STABILIZED_FULL_FLYOUT_HTML,PRIVATE_LOCAL_ACTIVITY_EVIDENCE_SEARCHED_PUBLIC_FINDINGS_CROSSWALKED_SEPARATELY
1281,0,0,0,0,False,ASSESSED_FROM_STABILIZED_FULL_FLYOUT_HTML,PRIVATE_LOCAL_ACTIVITY_EVIDENCE_SEARCHED_PUBLIC_FINDINGS_CROSSWALKED_SEPARATELY
1282,1,1,0,0,False,ASSESSED_FROM_STABILIZED_FULL_FLYOUT_HTML,PRIVATE_LOCAL_ACTIVITY_EVIDENCE_SEARCHED_PUBLIC_FINDINGS_CROSSWALKED_SEPARATELY
1283,2,1,1,0,False,ASSESSED_FROM_STABILIZED_FULL_FLYOUT_HTML,PRIVATE_LOCAL_ACTIVITY_EVIDENCE_SEARCHED_PUBLIC_FINDINGS_CROSSWALKED_SEPARATELY
1284,2,1,1,0,False,ASSESSED_FROM_STABILIZED_FULL_FLYOUT_HTML,PRIVATE_LOCAL_ACTIVITY_EVIDENCE_SEARCHED_PUBLIC_FINDINGS_CROSSWALKED_SEPARATELY
1285,2,1,1,0,False,ASSESSED_FROM_STABILIZED_FULL_FLYOUT_HTML,PRIVATE_LOCAL_ACTIVITY_EVIDENCE_SEARCHED_PUBLIC_FINDINGS_CROSSWALKED_SEPARATELY
1286,0,0,0,0,False,ASSESSED_FROM_STABILIZED_FULL_FLYOUT_HTML,PRIVATE_LOCAL_ACTIVITY_EVIDENCE_SEARCHED_PUBLIC_FINDINGS_CROSSWALKED_SEPARATELY
1287,2,1,1,0,False,ASSESSED_FROM_STABILIZED_FULL_FLYOUT_HTML,PRIVATE_LOCAL_ACTIVITY_EVIDENCE_SEARCHED_PUBLIC_FINDINGS_CROSSWALKED_SEPARATELY
1288,0,0,0,0,False,ASSESSED_FROM_STABILIZED_FULL_FLYOUT_HTML,PRIVATE_LOCAL_ACTIVITY_EVIDENCE_SEARCHED_PUBLIC_FINDINGS_CROSSWALKED_SEPARATELY
1289,1,1,0,0,False,ASSESSED_FROM_STABILIZED_FULL_FLYOUT_HTML,PRIVATE_LOCAL_ACTIVITY_EVIDENCE_SEARCHED_PUBLIC_FINDINGS_CROSSWALKED_SEPARATELY
1290,0,0,0,0,False,ASSESSED_FROM_STABILIZED_FULL_FLYOUT_HTML,PRIVATE_LOCAL_ACTIVITY_EVIDENCE_SEARCHED_PUBLIC_FINDINGS_CROSSWALKED_SEPARATELY
1291,1,1,0,0,False,ASSESSED_FROM_STABILIZED_FULL_FLYOUT_HTML,PRIVATE_LOCAL_ACTIVITY_EVIDENCE_SEARCHED_PUBLIC_FINDINGS_CROSSWALKED_SEPARATELY
1292,0,0,0,0,False,ASSESSED_FROM_STABILIZED_FULL_FLYOUT_HTML,PRIVATE_LOCAL_ACTIVITY_EVIDENCE_SEARCHED_PUBLIC_FINDINGS_CROSSWALKED_SEPARATELY
1293,0,0,0,0,False,ASSESSED_FROM_STABILIZED_FULL_FLYOUT_HTML,PRIVATE_LOCAL_ACTIVITY_EVIDENCE_SEARCHED_PUBLIC_FINDINGS_CROSSWALKED_SEPARATELY
1294,1,1,0,1,True,ASSESSED_FROM_STABILIZED_FULL_FLYOUT_HTML,PRIVATE_LOCAL_ACTIVITY_EVIDENCE_SEARCHED_PUBLIC_FINDINGS_CROSSWALKED_SEPARATELY
1295,0,0,0,0,False,ASSESSED_FROM_STABILIZED_FULL_FLYOUT_HTML,PRIVATE_LOCAL_ACTIVITY_EVIDENCE_SEARCHED_PUBLIC_FINDINGS_CROSSWALKED_SEPARATELY
1296,0,0,0,0,False,ASSESSED_FROM_STABILIZED_FULL_FLYOUT_HTML,PRIVATE_LOCAL_ACTIVITY_EVIDENCE_SEARCHED_PUBLIC_FINDINGS_CROSSWALKED_SEPARATELY
1297,0,0,0,0,False,ASSESSED_FROM_STABILIZED_FULL_FLYOUT_HTML,PRIVATE_LOCAL_ACTIVITY_EVIDENCE_SEARCHED_PUBLIC_FINDINGS_CROSSWALKED_SEPARATELY
1298,2,1,1,0,False,ASSESSED_FROM_STABILIZED_FULL_FLYOUT_HTML,PRIVATE_LOCAL_ACTIVITY_EVIDENCE_SEARCHED_PUBLIC_FINDINGS_CROSSWALKED_SEPARATELY
1299,2,1,1,0,False,ASSESSED_FROM_STABILIZED_FULL_FLYOUT_HTML,PRIVATE_LOCAL_ACTIVITY_EVIDENCE_SEARCHED_PUBLIC_FINDINGS_CROSSWALKED_SEPARATELY
1300,0,0,0,0,False,ASSESSED_FROM_STABILIZED_FULL_FLYOUT_HTML,PRIVATE_LOCAL_ACTIVITY_EVIDENCE_SEARCHED_PUBLIC_FINDINGS_CROSSWALKED_SEPARATELY
1301,1,1,0,3,True,ASSESSED_FROM_STABILIZED_FULL_FLYOUT_HTML,PRIVATE_LOCAL_ACTIVITY_EVIDENCE_SEARCHED_PUBLIC_FINDINGS_CROSSWALKED_SEPARATELY
1302,0,0,0,0,False,ASSESSED_FROM_STABILIZED_FULL_FLYOUT_HTML,PRIVATE_LOCAL_ACTIVITY_EVIDENCE_SEARCHED_PUBLIC_FINDINGS_CROSSWALKED_SEPARATELY
1303,0,0,0,0,False,ASSESSED_FROM_STABILIZED_FULL_FLYOUT_HTML,PRIVATE_LOCAL_ACTIVITY_EVIDENCE_SEARCHED_PUBLIC_FINDINGS_CROSSWALKED_SEPARATELY
1304,2,1,1,0,False,ASSESSED_FROM_STABILIZED_FULL_FLYOUT_HTML,PRIVATE_LOCAL_ACTIVITY_EVIDENCE_SEARCHED_PUBLIC_FINDINGS_CROSSWALKED_SEPARATELY
1305,0,0,0,0,False,ASSESSED_FROM_STABILIZED_FULL_FLYOUT_HTML,PRIVATE_LOCAL_ACTIVITY_EVIDENCE_SEARCHED_PUBLIC_FINDINGS_CROSSWALKED_SEPARATELY
1306,0,0,0,0,False,ASSESSED_FROM_STABILIZED_FULL_FLYOUT_HTML,PRIVATE_LOCAL_ACTIVITY_EVIDENCE_SEARCHED_PUBLIC_FINDINGS_CROSSWALKED_SEPARATELY
1307,1,1,0,0,False,ASSESSED_FROM_STABILIZED_FULL_FLYOUT_HTML,PRIVATE_LOCAL_ACTIVITY_EVIDENCE_SEARCHED_PUBLIC_FINDINGS_CROSSWALKED_SEPARATELY
1308,2,1,1,0,False,ASSESSED_FROM_STABILIZED_FULL_FLYOUT_HTML,PRIVATE_LOCAL_ACTIVITY_EVIDENCE_SEARCHED_PUBLIC_FINDINGS_CROSSWALKED_SEPARATELY
1309,2,1,1,0,False,ASSESSED_FROM_STABILIZED_FULL_FLYOUT_HTML,PRIVATE_LOCAL_ACTIVITY_EVIDENCE_SEARCHED_PUBLIC_FINDINGS_CROSSWALKED_SEPARATELY
1310,0,0,0,0,False,ASSESSED_FROM_STABILIZED_FULL_FLYOUT_HTML,PRIVATE_LOCAL_ACTIVITY_EVIDENCE_SEARCHED_PUBLIC_FINDINGS_CROSSWALKED_SEPARATELY
1311,2,1,1,0,False,ASSESSED_FROM_STABILIZED_FULL_FLYOUT_HTML,PRIVATE_LOCAL_ACTIVITY_EVIDENCE_SEARCHED_PUBLIC_FINDINGS_CROSSWALKED_SEPARATELY
1312,0,0,0,0,False,ASSESSED_FROM_STABILIZED_FULL_FLYOUT_HTML,PRIVATE_LOCAL_ACTIVITY_EVIDENCE_SEARCHED_PUBLIC_FINDINGS_CROSSWALKED_SEPARATELY
1313,1,1,0,0,False,ASSESSED_FROM_STABILIZED_FULL_FLYOUT_HTML,PRIVATE_LOCAL_ACTIVITY_EVIDENCE_SEARCHED_PUBLIC_FINDINGS_CROSSWALKED_SEPARATELY
1314,0,0,0,0,False,ASSESSED_FROM_STABILIZED_FULL_FLYOUT_HTML,PRIVATE_LOCAL_ACTIVITY_EVIDENCE_SEARCHED_PUBLIC_FINDINGS_CROSSWALKED_SEPARATELY
1315,1,1,0,0,False,ASSESSED_FROM_STABILIZED_FULL_FLYOUT_HTML,PRIVATE_LOCAL_ACTIVITY_EVIDENCE_SEARCHED_PUBLIC_FINDINGS_CROSSWALKED_SEPARATELY
1316,0,0,0,0,False,ASSESSED_FROM_STABILIZED_FULL_FLYOUT_HTML,PRIVATE_LOCAL_ACTIVITY_EVIDENCE_SEARCHED_PUBLIC_FINDINGS_CROSSWALKED_SEPARATELY
1317,0,0,0,0,False,ASSESSED_FROM_STABILIZED_FULL_FLYOUT_HTML,PRIVATE_LOCAL_ACTIVITY_EVIDENCE_SEARCHED_PUBLIC_FINDINGS_CROSSWALKED_SEPARATELY
1318,1,1,0,0,False,ASSESSED_FROM_STABILIZED_FULL_FLYOUT_HTML,PRIVATE_LOCAL_ACTIVITY_EVIDENCE_SEARCHED_PUBLIC_FINDINGS_CROSSWALKED_SEPARATELY
1319,0,0,0,0,False,ASSESSED_FROM_STABILIZED_FULL_FLYOUT_HTML,PRIVATE_LOCAL_ACTIVITY_EVIDENCE_SEARCHED_PUBLIC_FINDINGS_CROSSWALKED_SEPARATELY
1320,0,0,0,0,False,ASSESSED_FROM_STABILIZED_FULL_FLYOUT_HTML,PRIVATE_LOCAL_ACTIVITY_EVIDENCE_SEARCHED_PUBLIC_FINDINGS_CROSSWALKED_SEPARATELY
1321,0,0,0,0,False,ASSESSED_FROM_STABILIZED_FULL_FLYOUT_HTML,PRIVATE_LOCAL_ACTIVITY_EVIDENCE_SEARCHED_PUBLIC_FINDINGS_CROSSWALKED_SEPARATELY
1322,0,0,0,0,False,ASSESSED_FROM_STABILIZED_FULL_FLYOUT_HTML,PRIVATE_LOCAL_ACTIVITY_EVIDENCE_SEARCHED_PUBLIC_FINDINGS_CROSSWALKED_SEPARATELY
1323,0,0,0,0,False,ASSESSED_FROM_STABILIZED_FULL_FLYOUT_HTML,PRIVATE_LOCAL_ACTIVITY_EVIDENCE_SEARCHED_PUBLIC_FINDINGS_CROSSWALKED_SEPARATELY
1324,0,0,0,0,False,ASSESSED_FROM_STABILIZED_FULL_FLYOUT_HTML,PRIVATE_LOCAL_ACTIVITY_EVIDENCE_SEARCHED_PUBLIC_FINDINGS_CROSSWALKED_SEPARATELY
1325,0,0,0,0,False,ASSESSED_FROM_STABILIZED_FULL_FLYOUT_HTML,PRIVATE_LOCAL_ACTIVITY_EVIDENCE_SEARCHED_PUBLIC_FINDINGS_CROSSWALKED_SEPARATELY
1326,2,1,1,0,False,ASSESSED_FROM_STABILIZED_FULL_FLYOUT_HTML,PRIVATE_LOCAL_ACTIVITY_EVIDENCE_SEARCHED_PUBLIC_FINDINGS_CROSSWALKED_SEPARATELY
1327,0,0,0,0,False,ASSESSED_FROM_STABILIZED_FULL_FLYOUT_HTML,PRIVATE_LOCAL_ACTIVITY_EVIDENCE_SEARCHED_PUBLIC_FINDINGS_CROSSWALKED_SEPARATELY
1328,1,1,0,0,False,ASSESSED_FROM_STABILIZED_FULL_FLYOUT_HTML,PRIVATE_LOCAL_ACTIVITY_EVIDENCE_SEARCHED_PUBLIC_FINDINGS_CROSSWALKED_SEPARATELY
1329,0,0,0,0,False,ASSESSED_FROM_STABILIZED_FULL_FLYOUT_HTML,PRIVATE_LOCAL_ACTIVITY_EVIDENCE_SEARCHED_PUBLIC_FINDINGS_CROSSWALKED_SEPARATELY
1330,0,0,0,0,False,ASSESSED_FROM_STABILIZED_FULL_FLYOUT_HTML,PRIVATE_LOCAL_ACTIVITY_EVIDENCE_SEARCHED_PUBLIC_FINDINGS_CROSSWALKED_SEPARATELY
1331,1,1,0,0,False,ASSESSED_FROM_STABILIZED_FULL_FLYOUT_HTML,PRIVATE_LOCAL_ACTIVITY_EVIDENCE_SEARCHED_PUBLIC_FINDINGS_CROSSWALKED_SEPARATELY
1332,0,0,0,0,False,ASSESSED_FROM_STABILIZED_FULL_FLYOUT_HTML,PRIVATE_LOCAL_ACTIVITY_EVIDENCE_SEARCHED_PUBLIC_FINDINGS_CROSSWALKED_SEPARATELY
1333,1,1,0,0,False,ASSESSED_FROM_STABILIZED_FULL_FLYOUT_HTML,PRIVATE_LOCAL_ACTIVITY_EVIDENCE_SEARCHED_PUBLIC_FINDINGS_CROSSWALKED_SEPARATELY
1334,0,0,0,0,False,ASSESSED_FROM_STABILIZED_FULL_FLYOUT_HTML,PRIVATE_LOCAL_ACTIVITY_EVIDENCE_SEARCHED_PUBLIC_FINDINGS_CROSSWALKED_SEPARATELY
1335,10,1,9,1,True,ASSESSED_FROM_STABILIZED_FULL_FLYOUT_HTML,PRIVATE_LOCAL_ACTIVITY_EVIDENCE_SEARCHED_PUBLIC_FINDINGS_CROSSWALKED_SEPARATELY
1336,0,0,0,0,False,ASSESSED_FROM_STABILIZED_FULL_FLYOUT_HTML,PRIVATE_LOCAL_ACTIVITY_EVIDENCE_SEARCHED_PUBLIC_FINDINGS_CROSSWALKED_SEPARATELY
1337,1,1,0,0,False,ASSESSED_FROM_STABILIZED_FULL_FLYOUT_HTML,PRIVATE_LOCAL_ACTIVITY_EVIDENCE_SEARCHED_PUBLIC_FINDINGS_CROSSWALKED_SEPARATELY
1338,0,0,0,0,False,ASSESSED_FROM_STABILIZED_FULL_FLYOUT_HTML,PRIVATE_LOCAL_ACTIVITY_EVIDENCE_SEARCHED_PUBLIC_FINDINGS_CROSSWALKED_SEPARATELY
1339,10,1,9,0,True,ASSESSED_FROM_STABILIZED_FULL_FLYOUT_HTML,PRIVATE_LOCAL_ACTIVITY_EVIDENCE_SEARCHED_PUBLIC_FINDINGS_CROSSWALKED_SEPARATELY
1340,0,0,0,0,False,ASSESSED_FROM_STABILIZED_FULL_FLYOUT_HTML,PRIVATE_LOCAL_ACTIVITY_EVIDENCE_SEARCHED_PUBLIC_FINDINGS_CROSSWALKED_SEPARATELY
1341,0,0,0,0,False,ASSESSED_FROM_STABILIZED_FULL_FLYOUT_HTML,PRIVATE_LOCAL_ACTIVITY_EVIDENCE_SEARCHED_PUBLIC_FINDINGS_CROSSWALKED_SEPARATELY
1342,1,1,0,0,False,ASSESSED_FROM_STABILIZED_FULL_FLYOUT_HTML,PRIVATE_LOCAL_ACTIVITY_EVIDENCE_SEARCHED_PUBLIC_FINDINGS_CROSSWALKED_SEPARATELY
1343,2,1,1,0,True,ASSESSED_FROM_STABILIZED_FULL_FLYOUT_HTML,PRIVATE_LOCAL_ACTIVITY_EVIDENCE_SEARCHED_PUBLIC_FINDINGS_CROSSWALKED_SEPARATELY
1344,2,1,1,0,False,ASSESSED_FROM_STABILIZED_FULL_FLYOUT_HTML,PRIVATE_LOCAL_ACTIVITY_EVIDENCE_SEARCHED_PUBLIC_FINDINGS_CROSSWALKED_SEPARATELY
1345,0,0,0,0,False,ASSESSED_FROM_STABILIZED_FULL_FLYOUT_HTML,PRIVATE_LOCAL_ACTIVITY_EVIDENCE_SEARCHED_PUBLIC_FINDINGS_CROSSWALKED_SEPARATELY
1346,2,1,1,0,False,ASSESSED_FROM_STABILIZED_FULL_FLYOUT_HTML,PRIVATE_LOCAL_ACTIVITY_EVIDENCE_SEARCHED_PUBLIC_FINDINGS_CROSSWALKED_SEPARATELY
1347,0,0,0,0,False,ASSESSED_FROM_STABILIZED_FULL_FLYOUT_HTML,PRIVATE_LOCAL_ACTIVITY_EVIDENCE_SEARCHED_PUBLIC_FINDINGS_CROSSWALKED_SEPARATELY
1348,1,1,0,0,False,ASSESSED_FROM_STABILIZED_FULL_FLYOUT_HTML,PRIVATE_LOCAL_ACTIVITY_EVIDENCE_SEARCHED_PUBLIC_FINDINGS_CROSSWALKED_SEPARATELY
1349,0,0,0,0,False,ASSESSED_FROM_STABILIZED_FULL_FLYOUT_HTML,PRIVATE_LOCAL_ACTIVITY_EVIDENCE_SEARCHED_PUBLIC_FINDINGS_CROSSWALKED_SEPARATELY
1350,0,0,0,0,False,ASSESSED_FROM_STABILIZED_FULL_FLYOUT_HTML,PRIVATE_LOCAL_ACTIVITY_EVIDENCE_SEARCHED_PUBLIC_FINDINGS_CROSSWALKED_SEPARATELY
1351,1,1,0,0,False,ASSESSED_FROM_STABILIZED_FULL_FLYOUT_HTML,PRIVATE_LOCAL_ACTIVITY_EVIDENCE_SEARCHED_PUBLIC_FINDINGS_CROSSWALKED_SEPARATELY
1352,0,0,0,0,False,ASSESSED_FROM_STABILIZED_FULL_FLYOUT_HTML,PRIVATE_LOCAL_ACTIVITY_EVIDENCE_SEARCHED_PUBLIC_FINDINGS_CROSSWALKED_SEPARATELY
1353,1,1,0,0,False,ASSESSED_FROM_STABILIZED_FULL_FLYOUT_HTML,PRIVATE_LOCAL_ACTIVITY_EVIDENCE_SEARCHED_PUBLIC_FINDINGS_CROSSWALKED_SEPARATELY
1354,0,0,0,0,False,ASSESSED_FROM_STABILIZED_FULL_FLYOUT_HTML,PRIVATE_LOCAL_ACTIVITY_EVIDENCE_SEARCHED_PUBLIC_FINDINGS_CROSSWALKED_SEPARATELY
1355,14,1,13,0,True,ASSESSED_FROM_STABILIZED_FULL_FLYOUT_HTML,PRIVATE_LOCAL_ACTIVITY_EVIDENCE_SEARCHED_PUBLIC_FINDINGS_CROSSWALKED_SEPARATELY
1356,0,0,0,0,False,ASSESSED_FROM_STABILIZED_FULL_FLYOUT_HTML,PRIVATE_LOCAL_ACTIVITY_EVIDENCE_SEARCHED_PUBLIC_FINDINGS_CROSSWALKED_SEPARATELY
1357,1,1,0,0,False,ASSESSED_FROM_STABILIZED_FULL_FLYOUT_HTML,PRIVATE_LOCAL_ACTIVITY_EVIDENCE_SEARCHED_PUBLIC_FINDINGS_CROSSWALKED_SEPARATELY
1358,0,0,0,0,False,ASSESSED_FROM_STABILIZED_FULL_FLYOUT_HTML,PRIVATE_LOCAL_ACTIVITY_EVIDENCE_SEARCHED_PUBLIC_FINDINGS_CROSSWALKED_SEPARATELY
1359,1,1,0,0,False,ASSESSED_FROM_STABILIZED_FULL_FLYOUT_HTML,PRIVATE_LOCAL_ACTIVITY_EVIDENCE_SEARCHED_PUBLIC_FINDINGS_CROSSWALKED_SEPARATELY
1360,2,1,1,0,True,ASSESSED_FROM_STABILIZED_FULL_FLYOUT_HTML,PRIVATE_LOCAL_ACTIVITY_EVIDENCE_SEARCHED_PUBLIC_FINDINGS_CROSSWALKED_SEPARATELY
1361,0,0,0,0,False,ASSESSED_FROM_STABILIZED_FULL_FLYOUT_HTML,PRIVATE_LOCAL_ACTIVITY_EVIDENCE_SEARCHED_PUBLIC_FINDINGS_CROSSWALKED_SEPARATELY
1362,1,1,0,0,False,ASSESSED_FROM_STABILIZED_FULL_FLYOUT_HTML,PRIVATE_LOCAL_ACTIVITY_EVIDENCE_SEARCHED_PUBLIC_FINDINGS_CROSSWALKED_SEPARATELY
1363,2,1,1,0,True,ASSESSED_FROM_STABILIZED_FULL_FLYOUT_HTML,PRIVATE_LOCAL_ACTIVITY_EVIDENCE_SEARCHED_PUBLIC_FINDINGS_CROSSWALKED_SEPARATELY
1364,0,0,0,0,False,ASSESSED_FROM_STABILIZED_FULL_FLYOUT_HTML,PRIVATE_LOCAL_ACTIVITY_EVIDENCE_SEARCHED_PUBLIC_FINDINGS_CROSSWALKED_SEPARATELY
1365,2,1,1,0,False,ASSESSED_FROM_STABILIZED_FULL_FLYOUT_HTML,PRIVATE_LOCAL_ACTIVITY_EVIDENCE_SEARCHED_PUBLIC_FINDINGS_CROSSWALKED_SEPARATELY
1366,0,0,0,0,False,ASSESSED_FROM_STABILIZED_FULL_FLYOUT_HTML,PRIVATE_LOCAL_ACTIVITY_EVIDENCE_SEARCHED_PUBLIC_FINDINGS_CROSSWALKED_SEPARATELY
1367,1,1,0,0,False,ASSESSED_FROM_STABILIZED_FULL_FLYOUT_HTML,PRIVATE_LOCAL_ACTIVITY_EVIDENCE_SEARCHED_PUBLIC_FINDINGS_CROSSWALKED_SEPARATELY
1368,0,0,0,0,False,ASSESSED_FROM_STABILIZED_FULL_FLYOUT_HTML,PRIVATE_LOCAL_ACTIVITY_EVIDENCE_SEARCHED_PUBLIC_FINDINGS_CROSSWALKED_SEPARATELY
1369,1,1,0,0,False,ASSESSED_FROM_STABILIZED_FULL_FLYOUT_HTML,PRIVATE_LOCAL_ACTIVITY_EVIDENCE_SEARCHED_PUBLIC_FINDINGS_CROSSWALKED_SEPARATELY
1370,0,0,0,0,False,ASSESSED_FROM_STABILIZED_FULL_FLYOUT_HTML,PRIVATE_LOCAL_ACTIVITY_EVIDENCE_SEARCHED_PUBLIC_FINDINGS_CROSSWALKED_SEPARATELY
1371,1,1,0,0,False,ASSESSED_FROM_STABILIZED_FULL_FLYOUT_HTML,PRIVATE_LOCAL_ACTIVITY_EVIDENCE_SEARCHED_PUBLIC_FINDINGS_CROSSWALKED_SEPARATELY
1372,2,1,1,0,False,ASSESSED_FROM_STABILIZED_FULL_FLYOUT_HTML,PRIVATE_LOCAL_ACTIVITY_EVIDENCE_SEARCHED_PUBLIC_FINDINGS_CROSSWALKED_SEPARATELY
1373,0,0,0,0,False,ASSESSED_FROM_STABILIZED_FULL_FLYOUT_HTML,PRIVATE_LOCAL_ACTIVITY_EVIDENCE_SEARCHED_PUBLIC_FINDINGS_CROSSWALKED_SEPARATELY
1374,1,1,0,0,False,ASSESSED_FROM_STABILIZED_FULL_FLYOUT_HTML,PRIVATE_LOCAL_ACTIVITY_EVIDENCE_SEARCHED_PUBLIC_FINDINGS_CROSSWALKED_SEPARATELY
1375,0,0,0,0,False,ASSESSED_FROM_STABILIZED_FULL_FLYOUT_HTML,PRIVATE_LOCAL_ACTIVITY_EVIDENCE_SEARCHED_PUBLIC_FINDINGS_CROSSWALKED_SEPARATELY
1376,0,0,0,0,False,ASSESSED_FROM_STABILIZED_FULL_FLYOUT_HTML,PRIVATE_LOCAL_ACTIVITY_EVIDENCE_SEARCHED_PUBLIC_FINDINGS_CROSSWALKED_SEPARATELY
1377,0,0,0,0,False,ASSESSED_FROM_STABILIZED_FULL_FLYOUT_HTML,PRIVATE_LOCAL_ACTIVITY_EVIDENCE_SEARCHED_PUBLIC_FINDINGS_CROSSWALKED_SEPARATELY
1378,0,0,0,0,False,ASSESSED_FROM_STABILIZED_FULL_FLYOUT_HTML,PRIVATE_LOCAL_ACTIVITY_EVIDENCE_SEARCHED_PUBLIC_FINDINGS_CROSSWALKED_SEPARATELY
1379,0,0,0,0,False,ASSESSED_FROM_STABILIZED_FULL_FLYOUT_HTML,PRIVATE_LOCAL_ACTIVITY_EVIDENCE_SEARCHED_PUBLIC_FINDINGS_CROSSWALKED_SEPARATELY
1380,0,0,0,0,False,ASSESSED_FROM_STABILIZED_FULL_FLYOUT_HTML,PRIVATE_LOCAL_ACTIVITY_EVIDENCE_SEARCHED_PUBLIC_FINDINGS_CROSSWALKED_SEPARATELY
1381,0,0,0,0,False,ASSESSED_FROM_STABILIZED_FULL_FLYOUT_HTML,PRIVATE_LOCAL_ACTIVITY_EVIDENCE_SEARCHED_PUBLIC_FINDINGS_CROSSWALKED_SEPARATELY
1382,0,0,0,0,False,ASSESSED_FROM_STABILIZED_FULL_FLYOUT_HTML,PRIVATE_LOCAL_ACTIVITY_EVIDENCE_SEARCHED_PUBLIC_FINDINGS_CROSSWALKED_SEPARATELY
1383,0,0,0,0,False,ASSESSED_FROM_STABILIZED_FULL_FLYOUT_HTML,PRIVATE_LOCAL_ACTIVITY_EVIDENCE_SEARCHED_PUBLIC_FINDINGS_CROSSWALKED_SEPARATELY
1384,0,0,0,0,False,ASSESSED_FROM_STABILIZED_FULL_FLYOUT_HTML,PRIVATE_LOCAL_ACTIVITY_EVIDENCE_SEARCHED_PUBLIC_FINDINGS_CROSSWALKED_SEPARATELY
1385,2,1,1,0,False,ASSESSED_FROM_STABILIZED_FULL_FLYOUT_HTML,PRIVATE_LOCAL_ACTIVITY_EVIDENCE_SEARCHED_PUBLIC_FINDINGS_CROSSWALKED_SEPARATELY
1386,0,0,0,0,False,ASSESSED_FROM_STABILIZED_FULL_FLYOUT_HTML,PRIVATE_LOCAL_ACTIVITY_EVIDENCE_SEARCHED_PUBLIC_FINDINGS_CROSSWALKED_SEPARATELY
1387,1,1,0,0,False,ASSESSED_FROM_STABILIZED_FULL_FLYOUT_HTML,PRIVATE_LOCAL_ACTIVITY_EVIDENCE_SEARCHED_PUBLIC_FINDINGS_CROSSWALKED_SEPARATELY
1388,0,0,0,0,False,ASSESSED_FROM_STABILIZED_FULL_FLYOUT_HTML,PRIVATE_LOCAL_ACTIVITY_EVIDENCE_SEARCHED_PUBLIC_FINDINGS_CROSSWALKED_SEPARATELY
1389,1,1,0,0,False,ASSESSED_FROM_STABILIZED_FULL_FLYOUT_HTML,PRIVATE_LOCAL_ACTIVITY_EVIDENCE_SEARCHED_PUBLIC_FINDINGS_CROSSWALKED_SEPARATELY
1390,0,0,0,0,False,ASSESSED_FROM_STABILIZED_FULL_FLYOUT_HTML,PRIVATE_LOCAL_ACTIVITY_EVIDENCE_SEARCHED_PUBLIC_FINDINGS_CROSSWALKED_SEPARATELY
1391,1,1,0,0,False,ASSESSED_FROM_STABILIZED_FULL_FLYOUT_HTML,PRIVATE_LOCAL_ACTIVITY_EVIDENCE_SEARCHED_PUBLIC_FINDINGS_CROSSWALKED_SEPARATELY
1392,0,0,0,0,False,ASSESSED_FROM_STABILIZED_FULL_FLYOUT_HTML,PRIVATE_LOCAL_ACTIVITY_EVIDENCE_SEARCHED_PUBLIC_FINDINGS_CROSSWALKED_SEPARATELY
1393,17,1,16,0,True,ASSESSED_FROM_STABILIZED_FULL_FLYOUT_HTML,PRIVATE_LOCAL_ACTIVITY_EVIDENCE_SEARCHED_PUBLIC_FINDINGS_CROSSWALKED_SEPARATELY
1394,2,1,1,0,False,ASSESSED_FROM_STABILIZED_FULL_FLYOUT_HTML,PRIVATE_LOCAL_ACTIVITY_EVIDENCE_SEARCHED_PUBLIC_FINDINGS_CROSSWALKED_SEPARATELY
1395,2,1,1,2,True,ASSESSED_FROM_STABILIZED_FULL_FLYOUT_HTML,PRIVATE_LOCAL_ACTIVITY_EVIDENCE_SEARCHED_PUBLIC_FINDINGS_CROSSWALKED_SEPARATELY
1396,0,0,0,0,False,ASSESSED_FROM_STABILIZED_FULL_FLYOUT_HTML,PRIVATE_LOCAL_ACTIVITY_EVIDENCE_SEARCHED_PUBLIC_FINDINGS_CROSSWALKED_SEPARATELY
1397,0,0,0,0,False,ASSESSED_FROM_STABILIZED_FULL_FLYOUT_HTML,PRIVATE_LOCAL_ACTIVITY_EVIDENCE_SEARCHED_PUBLIC_FINDINGS_CROSSWALKED_SEPARATELY
1398,0,0,0,0,False,ASSESSED_FROM_STABILIZED_FULL_FLYOUT_HTML,PRIVATE_LOCAL_ACTIVITY_EVIDENCE_SEARCHED_PUBLIC_FINDINGS_CROSSWALKED_SEPARATELY
1399,0,0,0,0,False,ASSESSED_FROM_STABILIZED_FULL_FLYOUT_HTML,PRIVATE_LOCAL_ACTIVITY_EVIDENCE_SEARCHED_PUBLIC_FINDINGS_CROSSWALKED_SEPARATELY
1400,0,0,0,0,False,ASSESSED_FROM_STABILIZED_FULL_FLYOUT_HTML,PRIVATE_LOCAL_ACTIVITY_EVIDENCE_SEARCHED_PUBLIC_FINDINGS_CROSSWALKED_SEPARATELY
1401,0,0,0,0,False,ASSESSED_FROM_STABILIZED_FULL_FLYOUT_HTML,PRIVATE_LOCAL_ACTIVITY_EVIDENCE_SEARCHED_PUBLIC_FINDINGS_CROSSWALKED_SEPARATELY
1402,2,1,1,0,False,ASSESSED_FROM_STABILIZED_FULL_FLYOUT_HTML,PRIVATE_LOCAL_ACTIVITY_EVIDENCE_SEARCHED_PUBLIC_FINDINGS_CROSSWALKED_SEPARATELY
1403,0,0,0,0,False,ASSESSED_FROM_STABILIZED_FULL_FLYOUT_HTML,PRIVATE_LOCAL_ACTIVITY_EVIDENCE_SEARCHED_PUBLIC_FINDINGS_CROSSWALKED_SEPARATELY
1404,0,0,0,0,False,ASSESSED_FROM_STABILIZED_FULL_FLYOUT_HTML,PRIVATE_LOCAL_ACTIVITY_EVIDENCE_SEARCHED_PUBLIC_FINDINGS_CROSSWALKED_SEPARATELY
1405,0,0,0,0,False,ASSESSED_FROM_STABILIZED_FULL_FLYOUT_HTML,PRIVATE_LOCAL_ACTIVITY_EVIDENCE_SEARCHED_PUBLIC_FINDINGS_CROSSWALKED_SEPARATELY
1406,1,1,0,0,False,ASSESSED_FROM_STABILIZED_FULL_FLYOUT_HTML,PRIVATE_LOCAL_ACTIVITY_EVIDENCE_SEARCHED_PUBLIC_FINDINGS_CROSSWALKED_SEPARATELY
1407,2,1,1,0,False,ASSESSED_FROM_STABILIZED_FULL_FLYOUT_HTML,PRIVATE_LOCAL_ACTIVITY_EVIDENCE_SEARCHED_PUBLIC_FINDINGS_CROSSWALKED_SEPARATELY
1408,2,1,1,0,False,ASSESSED_FROM_STABILIZED_FULL_FLYOUT_HTML,PRIVATE_LOCAL_ACTIVITY_EVIDENCE_SEARCHED_PUBLIC_FINDINGS_CROSSWALKED_SEPARATELY
1409,2,1,1,0,False,ASSESSED_FROM_STABILIZED_FULL_FLYOUT_HTML,PRIVATE_LOCAL_ACTIVITY_EVIDENCE_SEARCHED_PUBLIC_FINDINGS_CROSSWALKED_SEPARATELY
1410,0,0,0,0,False,ASSESSED_FROM_STABILIZED_FULL_FLYOUT_HTML,PRIVATE_LOCAL_ACTIVITY_EVIDENCE_SEARCHED_PUBLIC_FINDINGS_CROSSWALKED_SEPARATELY
1411,0,0,0,0,False,ASSESSED_FROM_STABILIZED_FULL_FLYOUT_HTML,PRIVATE_LOCAL_ACTIVITY_EVIDENCE_SEARCHED_PUBLIC_FINDINGS_CROSSWALKED_SEPARATELY
1412,2,1,1,0,False,ASSESSED_FROM_STABILIZED_FULL_FLYOUT_HTML,PRIVATE_LOCAL_ACTIVITY_EVIDENCE_SEARCHED_PUBLIC_FINDINGS_CROSSWALKED_SEPARATELY
1413,0,0,0,0,False,ASSESSED_FROM_STABILIZED_FULL_FLYOUT_HTML,PRIVATE_LOCAL_ACTIVITY_EVIDENCE_SEARCHED_PUBLIC_FINDINGS_CROSSWALKED_SEPARATELY
1414,1,1,0,0,False,ASSESSED_FROM_STABILIZED_FULL_FLYOUT_HTML,PRIVATE_LOCAL_ACTIVITY_EVIDENCE_SEARCHED_PUBLIC_FINDINGS_CROSSWALKED_SEPARATELY
1415,0,0,0,0,False,ASSESSED_FROM_STABILIZED_FULL_FLYOUT_HTML,PRIVATE_LOCAL_ACTIVITY_EVIDENCE_SEARCHED_PUBLIC_FINDINGS_CROSSWALKED_SEPARATELY
1416,2,1,1,0,False,ASSESSED_FROM_STABILIZED_FULL_FLYOUT_HTML,PRIVATE_LOCAL_ACTIVITY_EVIDENCE_SEARCHED_PUBLIC_FINDINGS_CROSSWALKED_SEPARATELY
1417,0,0,0,0,False,ASSESSED_FROM_STABILIZED_FULL_FLYOUT_HTML,PRIVATE_LOCAL_ACTIVITY_EVIDENCE_SEARCHED_PUBLIC_FINDINGS_CROSSWALKED_SEPARATELY
1418,1,1,0,0,False,ASSESSED_FROM_STABILIZED_FULL_FLYOUT_HTML,PRIVATE_LOCAL_ACTIVITY_EVIDENCE_SEARCHED_PUBLIC_FINDINGS_CROSSWALKED_SEPARATELY
1419,0,0,0,0,False,ASSESSED_FROM_STABILIZED_FULL_FLYOUT_HTML,PRIVATE_LOCAL_ACTIVITY_EVIDENCE_SEARCHED_PUBLIC_FINDINGS_CROSSWALKED_SEPARATELY
1420,1,1,0,0,False,ASSESSED_FROM_STABILIZED_FULL_FLYOUT_HTML,PRIVATE_LOCAL_ACTIVITY_EVIDENCE_SEARCHED_PUBLIC_FINDINGS_CROSSWALKED_SEPARATELY
1421,0,0,0,0,False,ASSESSED_FROM_STABILIZED_FULL_FLYOUT_HTML,PRIVATE_LOCAL_ACTIVITY_EVIDENCE_SEARCHED_PUBLIC_FINDINGS_CROSSWALKED_SEPARATELY
1422,1,1,0,0,False,ASSESSED_FROM_STABILIZED_FULL_FLYOUT_HTML,PRIVATE_LOCAL_ACTIVITY_EVIDENCE_SEARCHED_PUBLIC_FINDINGS_CROSSWALKED_SEPARATELY
1423,0,0,0,0,False,ASSESSED_FROM_STABILIZED_FULL_FLYOUT_HTML,PRIVATE_LOCAL_ACTIVITY_EVIDENCE_SEARCHED_PUBLIC_FINDINGS_CROSSWALKED_SEPARATELY
1424,1,1,0,0,False,ASSESSED_FROM_STABILIZED_FULL_FLYOUT_HTML,PRIVATE_LOCAL_ACTIVITY_EVIDENCE_SEARCHED_PUBLIC_FINDINGS_CROSSWALKED_SEPARATELY
1425,2,1,1,0,False,ASSESSED_FROM_STABILIZED_FULL_FLYOUT_HTML,PRIVATE_LOCAL_ACTIVITY_EVIDENCE_SEARCHED_PUBLIC_FINDINGS_CROSSWALKED_SEPARATELY
1426,0,0,0,0,False,ASSESSED_FROM_STABILIZED_FULL_FLYOUT_HTML,PRIVATE_LOCAL_ACTIVITY_EVIDENCE_SEARCHED_PUBLIC_FINDINGS_CROSSWALKED_SEPARATELY
1427,1,1,0,0,False,ASSESSED_FROM_STABILIZED_FULL_FLYOUT_HTML,PRIVATE_LOCAL_ACTIVITY_EVIDENCE_SEARCHED_PUBLIC_FINDINGS_CROSSWALKED_SEPARATELY
1428,0,0,0,0,False,ASSESSED_FROM_STABILIZED_FULL_FLYOUT_HTML,PRIVATE_LOCAL_ACTIVITY_EVIDENCE_SEARCHED_PUBLIC_FINDINGS_CROSSWALKED_SEPARATELY
1429,2,1,1,1,True,ASSESSED_FROM_STABILIZED_FULL_FLYOUT_HTML,PRIVATE_LOCAL_ACTIVITY_EVIDENCE_SEARCHED_PUBLIC_FINDINGS_CROSSWALKED_SEPARATELY
1430,0,0,0,0,False,ASSESSED_FROM_STABILIZED_FULL_FLYOUT_HTML,PRIVATE_LOCAL_ACTIVITY_EVIDENCE_SEARCHED_PUBLIC_FINDINGS_CROSSWALKED_SEPARATELY
1431,1,1,0,0,False,ASSESSED_FROM_STABILIZED_FULL_FLYOUT_HTML,PRIVATE_LOCAL_ACTIVITY_EVIDENCE_SEARCHED_PUBLIC_FINDINGS_CROSSWALKED_SEPARATELY
1432,2,1,1,0,False,ASSESSED_FROM_STABILIZED_FULL_FLYOUT_HTML,PRIVATE_LOCAL_ACTIVITY_EVIDENCE_SEARCHED_PUBLIC_FINDINGS_CROSSWALKED_SEPARATELY
1433,0,0,0,0,False,ASSESSED_FROM_STABILIZED_FULL_FLYOUT_HTML,PRIVATE_LOCAL_ACTIVITY_EVIDENCE_SEARCHED_PUBLIC_FINDINGS_CROSSWALKED_SEPARATELY
1434,2,1,1,0,False,ASSESSED_FROM_STABILIZED_FULL_FLYOUT_HTML,PRIVATE_LOCAL_ACTIVITY_EVIDENCE_SEARCHED_PUBLIC_FINDINGS_CROSSWALKED_SEPARATELY
1435,0,0,0,0,False,ASSESSED_FROM_STABILIZED_FULL_FLYOUT_HTML,PRIVATE_LOCAL_ACTIVITY_EVIDENCE_SEARCHED_PUBLIC_FINDINGS_CROSSWALKED_SEPARATELY
1436,1,1,0,0,False,ASSESSED_FROM_STABILIZED_FULL_FLYOUT_HTML,PRIVATE_LOCAL_ACTIVITY_EVIDENCE_SEARCHED_PUBLIC_FINDINGS_CROSSWALKED_SEPARATELY
1437,0,0,0,0,False,ASSESSED_FROM_STABILIZED_FULL_FLYOUT_HTML,PRIVATE_LOCAL_ACTIVITY_EVIDENCE_SEARCHED_PUBLIC_FINDINGS_CROSSWALKED_SEPARATELY
1438,1,1,0,0,False,ASSESSED_FROM_STABILIZED_FULL_FLYOUT_HTML,PRIVATE_LOCAL_ACTIVITY_EVIDENCE_SEARCHED_PUBLIC_FINDINGS_CROSSWALKED_SEPARATELY
1439,0,0,0,0,False,ASSESSED_FROM_STABILIZED_FULL_FLYOUT_HTML,PRIVATE_LOCAL_ACTIVITY_EVIDENCE_SEARCHED_PUBLIC_FINDINGS_CROSSWALKED_SEPARATELY
1440,1,1,0,0,False,ASSESSED_FROM_STABILIZED_FULL_FLYOUT_HTML,PRIVATE_LOCAL_ACTIVITY_EVIDENCE_SEARCHED_PUBLIC_FINDINGS_CROSSWALKED_SEPARATELY
1441,0,0,0,0,False,ASSESSED_FROM_STABILIZED_FULL_FLYOUT_HTML,PRIVATE_LOCAL_ACTIVITY_EVIDENCE_SEARCHED_PUBLIC_FINDINGS_CROSSWALKED_SEPARATELY
1442,1,1,0,0,False,ASSESSED_FROM_STABILIZED_FULL_FLYOUT_HTML,PRIVATE_LOCAL_ACTIVITY_EVIDENCE_SEARCHED_PUBLIC_FINDINGS_CROSSWALKED_SEPARATELY
1443,0,0,0,0,False,ASSESSED_FROM_STABILIZED_FULL_FLYOUT_HTML,PRIVATE_LOCAL_ACTIVITY_EVIDENCE_SEARCHED_PUBLIC_FINDINGS_CROSSWALKED_SEPARATELY
1444,0,0,0,0,False,ASSESSED_FROM_STABILIZED_FULL_FLYOUT_HTML,PRIVATE_LOCAL_ACTIVITY_EVIDENCE_SEARCHED_PUBLIC_FINDINGS_CROSSWALKED_SEPARATELY
1445,1,1,0,0,False,ASSESSED_FROM_STABILIZED_FULL_FLYOUT_HTML,PRIVATE_LOCAL_ACTIVITY_EVIDENCE_SEARCHED_PUBLIC_FINDINGS_CROSSWALKED_SEPARATELY
1446,2,1,1,0,False,ASSESSED_FROM_STABILIZED_FULL_FLYOUT_HTML,PRIVATE_LOCAL_ACTIVITY_EVIDENCE_SEARCHED_PUBLIC_FINDINGS_CROSSWALKED_SEPARATELY
1447,0,0,0,0,False,ASSESSED_FROM_STABILIZED_FULL_FLYOUT_HTML,PRIVATE_LOCAL_ACTIVITY_EVIDENCE_SEARCHED_PUBLIC_FINDINGS_CROSSWALKED_SEPARATELY
1448,0,0,0,0,False,ASSESSED_FROM_STABILIZED_FULL_FLYOUT_HTML,PRIVATE_LOCAL_ACTIVITY_EVIDENCE_SEARCHED_PUBLIC_FINDINGS_CROSSWALKED_SEPARATELY
1449,1,1,0,0,False,ASSESSED_FROM_STABILIZED_FULL_FLYOUT_HTML,PRIVATE_LOCAL_ACTIVITY_EVIDENCE_SEARCHED_PUBLIC_FINDINGS_CROSSWALKED_SEPARATELY
1450,0,0,0,0,False,ASSESSED_FROM_STABILIZED_FULL_FLYOUT_HTML,PRIVATE_LOCAL_ACTIVITY_EVIDENCE_SEARCHED_PUBLIC_FINDINGS_CROSSWALKED_SEPARATELY
1451,2,1,1,0,False,ASSESSED_FROM_STABILIZED_FULL_FLYOUT_HTML,PRIVATE_LOCAL_ACTIVITY_EVIDENCE_SEARCHED_PUBLIC_FINDINGS_CROSSWALKED_SEPARATELY
1452,0,0,0,0,False,ASSESSED_FROM_STABILIZED_FULL_FLYOUT_HTML,PRIVATE_LOCAL_ACTIVITY_EVIDENCE_SEARCHED_PUBLIC_FINDINGS_CROSSWALKED_SEPARATELY
1453,0,0,0,0,False,ASSESSED_FROM_STABILIZED_FULL_FLYOUT_HTML,PRIVATE_LOCAL_ACTIVITY_EVIDENCE_SEARCHED_PUBLIC_FINDINGS_CROSSWALKED_SEPARATELY
1454,1,1,0,0,False,ASSESSED_FROM_STABILIZED_FULL_FLYOUT_HTML,PRIVATE_LOCAL_ACTIVITY_EVIDENCE_SEARCHED_PUBLIC_FINDINGS_CROSSWALKED_SEPARATELY
1455,0,0,0,0,False,ASSESSED_FROM_STABILIZED_FULL_FLYOUT_HTML,PRIVATE_LOCAL_ACTIVITY_EVIDENCE_SEARCHED_PUBLIC_FINDINGS_CROSSWALKED_SEPARATELY
1456,2,1,1,0,False,ASSESSED_FROM_STABILIZED_FULL_FLYOUT_HTML,PRIVATE_LOCAL_ACTIVITY_EVIDENCE_SEARCHED_PUBLIC_FINDINGS_CROSSWALKED_SEPARATELY
1457,0,0,0,0,False,ASSESSED_FROM_STABILIZED_FULL_FLYOUT_HTML,PRIVATE_LOCAL_ACTIVITY_EVIDENCE_SEARCHED_PUBLIC_FINDINGS_CROSSWALKED_SEPARATELY
1458,2,1,1,0,False,ASSESSED_FROM_STABILIZED_FULL_FLYOUT_HTML,PRIVATE_LOCAL_ACTIVITY_EVIDENCE_SEARCHED_PUBLIC_FINDINGS_CROSSWALKED_SEPARATELY
1459,0,0,0,0,False,ASSESSED_FROM_STABILIZED_FULL_FLYOUT_HTML,PRIVATE_LOCAL_ACTIVITY_EVIDENCE_SEARCHED_PUBLIC_FINDINGS_CROSSWALKED_SEPARATELY
1460,1,1,0,0,False,ASSESSED_FROM_STABILIZED_FULL_FLYOUT_HTML,PRIVATE_LOCAL_ACTIVITY_EVIDENCE_SEARCHED_PUBLIC_FINDINGS_CROSSWALKED_SEPARATELY
1461,0,0,0,0,False,ASSESSED_FROM_STABILIZED_FULL_FLYOUT_HTML,PRIVATE_LOCAL_ACTIVITY_EVIDENCE_SEARCHED_PUBLIC_FINDINGS_CROSSWALKED_SEPARATELY
1462,1,1,0,0,False,ASSESSED_FROM_STABILIZED_FULL_FLYOUT_HTML,PRIVATE_LOCAL_ACTIVITY_EVIDENCE_SEARCHED_PUBLIC_FINDINGS_CROSSWALKED_SEPARATELY
1463,0,0,0,0,False,ASSESSED_FROM_STABILIZED_FULL_FLYOUT_HTML,PRIVATE_LOCAL_ACTIVITY_EVIDENCE_SEARCHED_PUBLIC_FINDINGS_CROSSWALKED_SEPARATELY
1464,1,1,0,0,False,ASSESSED_FROM_STABILIZED_FULL_FLYOUT_HTML,PRIVATE_LOCAL_ACTIVITY_EVIDENCE_SEARCHED_PUBLIC_FINDINGS_CROSSWALKED_SEPARATELY
1465,0,0,0,0,False,ASSESSED_FROM_STABILIZED_FULL_FLYOUT_HTML,PRIVATE_LOCAL_ACTIVITY_EVIDENCE_SEARCHED_PUBLIC_FINDINGS_CROSSWALKED_SEPARATELY
1466,0,0,0,0,False,ASSESSED_FROM_STABILIZED_FULL_FLYOUT_HTML,PRIVATE_LOCAL_ACTIVITY_EVIDENCE_SEARCHED_PUBLIC_FINDINGS_CROSSWALKED_SEPARATELY
1467,1,1,0,0,False,ASSESSED_FROM_STABILIZED_FULL_FLYOUT_HTML,PRIVATE_LOCAL_ACTIVITY_EVIDENCE_SEARCHED_PUBLIC_FINDINGS_CROSSWALKED_SEPARATELY
1468,0,0,0,0,False,ASSESSED_FROM_STABILIZED_FULL_FLYOUT_HTML,PRIVATE_LOCAL_ACTIVITY_EVIDENCE_SEARCHED_PUBLIC_FINDINGS_CROSSWALKED_SEPARATELY
1469,0,0,0,0,False,ASSESSED_FROM_STABILIZED_FULL_FLYOUT_HTML,PRIVATE_LOCAL_ACTIVITY_EVIDENCE_SEARCHED_PUBLIC_FINDINGS_CROSSWALKED_SEPARATELY
1470,1,1,0,0,False,ASSESSED_FROM_STABILIZED_FULL_FLYOUT_HTML,PRIVATE_LOCAL_ACTIVITY_EVIDENCE_SEARCHED_PUBLIC_FINDINGS_CROSSWALKED_SEPARATELY
1471,0,0,0,0,False,ASSESSED_FROM_STABILIZED_FULL_FLYOUT_HTML,PRIVATE_LOCAL_ACTIVITY_EVIDENCE_SEARCHED_PUBLIC_FINDINGS_CROSSWALKED_SEPARATELY
1472,0,0,0,0,False,ASSESSED_FROM_STABILIZED_FULL_FLYOUT_HTML,PRIVATE_LOCAL_ACTIVITY_EVIDENCE_SEARCHED_PUBLIC_FINDINGS_CROSSWALKED_SEPARATELY
1473,1,1,0,0,False,ASSESSED_FROM_STABILIZED_FULL_FLYOUT_HTML,PRIVATE_LOCAL_ACTIVITY_EVIDENCE_SEARCHED_PUBLIC_FINDINGS_CROSSWALKED_SEPARATELY
1474,0,0,0,0,False,ASSESSED_FROM_STABILIZED_FULL_FLYOUT_HTML,PRIVATE_LOCAL_ACTIVITY_EVIDENCE_SEARCHED_PUBLIC_FINDINGS_CROSSWALKED_SEPARATELY
1475,0,0,0,0,False,ASSESSED_FROM_STABILIZED_FULL_FLYOUT_HTML,PRIVATE_LOCAL_ACTIVITY_EVIDENCE_SEARCHED_PUBLIC_FINDINGS_CROSSWALKED_SEPARATELY
1476,2,1,1,0,False,ASSESSED_FROM_STABILIZED_FULL_FLYOUT_HTML,PRIVATE_LOCAL_ACTIVITY_EVIDENCE_SEARCHED_PUBLIC_FINDINGS_CROSSWALKED_SEPARATELY
1477,2,1,1,0,False,ASSESSED_FROM_STABILIZED_FULL_FLYOUT_HTML,PRIVATE_LOCAL_ACTIVITY_EVIDENCE_SEARCHED_PUBLIC_FINDINGS_CROSSWALKED_SEPARATELY
1478,0,0,0,0,False,ASSESSED_FROM_STABILIZED_FULL_FLYOUT_HTML,PRIVATE_LOCAL_ACTIVITY_EVIDENCE_SEARCHED_PUBLIC_FINDINGS_CROSSWALKED_SEPARATELY
1479,0,0,0,0,False,ASSESSED_FROM_STABILIZED_FULL_FLYOUT_HTML,PRIVATE_LOCAL_ACTIVITY_EVIDENCE_SEARCHED_PUBLIC_FINDINGS_CROSSWALKED_SEPARATELY
1480,0,0,0,0,False,ASSESSED_FROM_STABILIZED_FULL_FLYOUT_HTML,PRIVATE_LOCAL_ACTIVITY_EVIDENCE_SEARCHED_PUBLIC_FINDINGS_CROSSWALKED_SEPARATELY
1481,2,1,1,0,False,ASSESSED_FROM_STABILIZED_FULL_FLYOUT_HTML,PRIVATE_LOCAL_ACTIVITY_EVIDENCE_SEARCHED_PUBLIC_FINDINGS_CROSSWALKED_SEPARATELY
1482,2,1,1,0,False,ASSESSED_FROM_STABILIZED_FULL_FLYOUT_HTML,PRIVATE_LOCAL_ACTIVITY_EVIDENCE_SEARCHED_PUBLIC_FINDINGS_CROSSWALKED_SEPARATELY
1483,0,0,0,0,False,ASSESSED_FROM_STABILIZED_FULL_FLYOUT_HTML,PRIVATE_LOCAL_ACTIVITY_EVIDENCE_SEARCHED_PUBLIC_FINDINGS_CROSSWALKED_SEPARATELY
1484,0,0,0,0,False,ASSESSED_FROM_STABILIZED_FULL_FLYOUT_HTML,PRIVATE_LOCAL_ACTIVITY_EVIDENCE_SEARCHED_PUBLIC_FINDINGS_CROSSWALKED_SEPARATELY
1485,0,0,0,0,False,ASSESSED_FROM_STABILIZED_FULL_FLYOUT_HTML,PRIVATE_LOCAL_ACTIVITY_EVIDENCE_SEARCHED_PUBLIC_FINDINGS_CROSSWALKED_SEPARATELY
1486,0,0,0,0,False,ASSESSED_FROM_STABILIZED_FULL_FLYOUT_HTML,PRIVATE_LOCAL_ACTIVITY_EVIDENCE_SEARCHED_PUBLIC_FINDINGS_CROSSWALKED_SEPARATELY
1487,0,0,0,0,False,ASSESSED_FROM_STABILIZED_FULL_FLYOUT_HTML,PRIVATE_LOCAL_ACTIVITY_EVIDENCE_SEARCHED_PUBLIC_FINDINGS_CROSSWALKED_SEPARATELY
1488,0,0,0,0,False,ASSESSED_FROM_STABILIZED_FULL_FLYOUT_HTML,PRIVATE_LOCAL_ACTIVITY_EVIDENCE_SEARCHED_PUBLIC_FINDINGS_CROSSWALKED_SEPARATELY
1489,0,0,0,0,False,ASSESSED_FROM_STABILIZED_FULL_FLYOUT_HTML,PRIVATE_LOCAL_ACTIVITY_EVIDENCE_SEARCHED_PUBLIC_FINDINGS_CROSSWALKED_SEPARATELY
1490,,,,,,PARTIAL_DUE_TO_EXACT_ACCESS_BOUNDARY,PRIVATE_LOCAL_ACTIVITY_EVIDENCE_SEARCHED_PUBLIC_FINDINGS_CROSSWALKED_SEPARATELY
